id,name,darreichung,status,verweis,artikelnummer,pharmacode,ean,abgabekategorie,zulassungsnummer,csl
1,"Absinthium, ethanol. Infusum D1",Tropfen zum Einnehmen 50 ml,Lieferbar,,124755,1019849,7611916162404,FM / SL,,2069591
2,Absinthium D1 / Resina Laricis D3 aa,Tropfen zum Einnehmen 50 ml,Lieferbar,,124401,5043474,7611916152665,B / SL,414906,2070275
3,Absinthium / Caryophylli comp.,Tropfen zum Einnehmen 50 ml,Lieferbar,,124171,1111076,7622916163728,B / SL,418447,2070275
4,Achillea comp.,Tropfen zum Einnehmen 50 ml,Lieferbar,,205972,7837815,7611916162060,FM / SL,,2070329
5,Acidum Formicae D6,Injektionslösung 8 Amp.,Lieferbar,,124277,4099219,7611916151071,B / SL,404634,8x2070631
6,Acidum Formicae D30,Injektionslösung 8 Amp.,Lieferbar,,124270,5313525,7611916151002,B / SL,404634,8x2070677
7,Aconitum napellus D4,Tropfen zum Einnehmen 50 ml,Gestrichen,,124643,7735658,7611916159268,D / SL,403990,2069674
8,Aconitum napellus D6,Globuli 4 g,Gestrichen,,100400,1606615,7611916104152,D,412043,2069645
9,Aconitum napellus Rh D6,Injektionslösung 8 Amp.,Gestrichen (Lieferbar: Rh D20 und Rh D30),,100012,4099337,7611916101120,B,405049,8x2070631
10,Aconitum napellus D6,Tropfen zum Einnehmen 50 ml,Gestrichen,,124555,7715469,7611916158223,D,403990,2069674
12,Aconitum napellus D20,Tropfen zum Einnehmen 50 ml,Gestrichen (Lieferbar: D20 Ampullen),,124556,7715475,7611916158230,D,403990,2069734
13,Aconitum napellus D30,Globuli 4 g,Gestrichen (Lieferbar: D30 Ampullen),,100405,1606621,7611916104176,D,412043,2069763
14,Aconitum napellus Rh D30,Injektionslösung 8 Amp.,Lieferbar,,100019,1158865,7611916159107,B / SL,418405,8x2070677
15,Aconitum napellus D30,Tropfen zum Einnehmen 50 ml,Gestrichen (Lieferbar: D30 Ampullen),,124557,7715481,7611916158247,D,403990,2069800
16,Aconitum / Arnica / Betula comp.,Tropfen zum Einnehmen 50 ml,Lieferbar,,124160,7794398,7611916357763,B / SL,59812,2070275
17,Aconitum / Bryonia,Tropfen zum Einnehmen 50 ml,Lieferbar,,124925,5043497,7611916153792,B / SL,415325,2070329
18,"Aconitum napellus D4 / Arnica, Planta tota D2 / Bryonia D3",Tropfen zum Einnehmen 50 ml,Lieferbar,,206010,7734490,7611916150630,FM / SL,,2070329
19,"Aesculus, Cortex, ethanol. Decoctum D1",Tropfen zum Einnehmen 50 ml,Lieferbar,,124849,5093555,7611916140747,FM / SL,,2069591
20,"Aesculus, Cortex, ethanol. Decoctum D50",Tropfen zum Einnehmen 50 ml,Lieferbar,,124850,5093578,7611916140785,FM / SL,,2069800
21,"Aesculus, Cortex D30 / Lavandula siccata D6 aa",Augentropfen 10 ml,Lieferbar,,117228,7445886,7611916157059,D / -,406308,
22,Aesculus / Borago comp.,Tropfen zum Einnehmen 50 ml,Lieferbar,,204573,7825151,7611916161674,FM / SL,,2070370
23,Agaricus muscarius D4,Dilution 50 ml,Gestrichen,,204988,5122707,7611916140815,,,2069674
24,Agaricus muscarius D6,Ampullen 8 st,Gestrichen (Lieferbar: D6 Dilution),,124298,4099550,7611916151293,B,59697,8x2070631
25,Agaricus muscarius D6,Tropfen zum Einnehmen 50 ml,Lieferbar,,204989,5122713,7611916140822,FM / SL,,2069674
26,Agaricus muscarius D10,Dilution 50 ml,Gestrichen (Lieferbar: D6 Dilution),,204990,5122601,7611916140839,,,2069734
27,Agaricus muscarius D30,Dilution 50 ml,Gestrichen,,204991,5122618,7611916140846,,,2069800
28,Agaricus muscarius D30,Injektionslösung 8 Amp.,Gestrichen,,124301,4099544,7611916151323,B,59697,8x2070677
29,Agaricus muscarius D4 / Mygale avicularis D5 / Stramonium D3,Tropfen zum Einnehmen 50 ml,Lieferbar,,124755,5122624,7611916140853,FM / SL,,2070329
30,Agaricus comp.,Tropfen zum Einnehmen 50 ml,Lieferbar,,124774,5093590,7611916140792,FM / SL,,2070329
31,Agaricus comp. / Phosphorus,Injektionslösung (s.c.) 8 st,Lieferbar,,100050,4099538,7611916101373,B / SL,59888,8x2070565
32,Agaricus comp. / Phosphorus,Tropfen zum Einnehmen 50 ml,Lieferbar,,124465,7821050,7611916161322,D / SL,59886,2070329
33,Agnus castus D2,Tropfen zum Einnehmen 50 ml,Lieferbar,,124851,7802435,7611916161179,FM / SL,,2069674
34,"Amara-Tropfen, Weleda",Tropfen zum Einnehmen 50 ml,Lieferbar,,5005,3381681,7680117870463,D / -,11787,
36,Anaemodoron®,Tropfen zum Einnehmen 50 ml,Lieferbar,,5055,7767096,7680215220016,D / -,21522,
37,"Anagallis, ethanol. Infusum D1",Tropfen zum Einnehmen 50 ml,Lieferbar,,204999,5156563,7611916140921,FM / SL,,2069591
38,"Anagallis, ethanol. Infusum D3",Tropfen zum Einnehmen 50 ml,Lieferbar,,205000,5156540,7611916140938,FM / SL,,2069674
39,Anagallis / Malachit comp.,Tropfen zum Einnehmen 50 ml,Lieferbar,,124403,5766764,7611916152689,D / SL,414900,2070329
40,Ananassa D30 / Resina Laricis D30 aa,Tropfen zum Einnehmen 50 ml,Lieferbar,,206089,5043557,7611916140945,FM / SL,,2070424
41,"Anis - Pyrit 0,1%",Tabletten 50 g,Lieferbar,,124404,5156586,7611916152696,D / SL,414913,2070329
43,"Antimonit 0,4%",Salbe 23 g,Lieferbar,,124005,1154957,761191615696,FM / nach ALT,,
44,Antimonit D6,Injektionslösung (s.c.) 8 Amp.,Wieder lieferbar,,124303,4099691,7611916151347,B / SL,59694,8x2070631
45,Antimonit D6,Pulver zum Einnehmen 50 g,Lieferbar,,206108,1158866,7611916165870,FM / nach ALT,,
46,Antimonit D10,Ampullen 8 st,Gestrichen (Lieferbar: D6),,100077,4099679,7611916101588,B,59694,8x2070654
47,Antimonit / Belladonna comp.,Pulver zum Einnehmen 50 g,Lieferbar,,124926,5043592,7611916153808,D / -,59878,
49,Apatit D6,Trituration 50 g,Lieferbar,,124405,5043706,7611916152702,D / -,414025,
50,Apatit / Phosphorus / Cucurbita comp.,Tropfen zum Einnehmen 50 ml,Lieferbar,,205956,7734509,7611916159961,FM / SL,,2070370
51,Apatit D6 / Fluorit D4 / Stannum D8 aa,Pulver zum Einnehmen 50 g,Lieferbar,,124684,5161529,7611916141065,FM / nach ALT,,
52,Apatit D6 / Stannum D8 aa,Pulver zum Einnehmen 50 g,Lieferbar,,124704,5161535,7611916141072,FM / nach ALT,,
53,Apis mellifica 1%,Crème 25 g,Lieferbar,,100637,7824339,7611916161476,FM / nach ALT,,
54,Apis mellifica D3,Injektionslösung (s.c.) 8 Amp.,Lieferbar,,100092,4100891,7611916101762,B / SL,59699,8x2070631
55,Apis mellifica D3,Tropfen zum Einnehmen 50 ml,Lieferbar,,205018,5161239,7611916141119,FM / SL,,2069674
56,Apis mellifica D6,Injektionslösung (s.c.) 8 Amp.,Lieferbar,,100093,4104564,7611916101786,B / SL,59699,8x2070631
57,Apis mellifica D6,Tropfen zum Einnehmen 50 ml,Lieferbar,,206061,1034105,7611916162855,FM / SL,,2069674
58,Apis mellifica D20,Ampullen 8 st,Gestrichen (Lieferbar: D20 Dilution oder D30 Ampullen),,100095,4100879,7611916101823,B,59699,8x2070654
59,Apis mellifica D20,Tropfen zum Einnehmen 50 ml,Lieferbar,,124821,1034104,7611916162848,FM / SL,,2069734
60,Apis mellifica D30,Injektionslösung (s.c.) 8 st,Lieferbar,,100096,4104558,7611916101847,B / SL,59699,8x2070677
61,Apis mellifica D30,Globuli 4 g,Gestrichen (Lieferbar: D20 Dilution oder D30 Ampullen),,100435,1606673,7611916104275,D,412053,2069763
62,Apis D3 / Belladonna D3,Tropfen zum Einnehmen 50 ml,Lieferbar,,124927,5043712,7611916153815,B / SL,59870,2070329
63,Apis D3 / Belladonna D3,Globuli 4 g,Lieferbar,,100389,1120188,7611916164101,FM / SL,,2070298
64,Bryonia / Spongia comp.,Tropfen zum Einnehmen 20 ml,Lieferbar,,124678,1139165,7611916165351,D / SL,69071,2070306
65,Apis D6 / Belladonna D6,Globuli 4 g,Lieferbar,,100390,1120189,7611916164521,FM / SL,,2070298
66,Apis D6 / Belladonna D6 / Bryonia D6 / Spongia tosta D6 aa,Tropfen zum Einnehmen 50 ml,Lieferbar,,205950,5304762,7611916152535,FM / SL,,2070329
67,Apis / Rhus toxicodendron comp.,Tropfen zum Einnehmen 50 ml,Lieferbar,,124777,5161558,7611916141089,FM / SL,,2070329
68,Apis cum Levistico D3,Injektionslösung 8 Amp.,Lieferbar,,100109,4099780,7611916102028,B / SL,59995,8x2070565
69,Aqua maris D3 / Prunus spinosa summitates D5 aa,Injektionslösung 8 Amp.,Lieferbar,,100112,4104570,7611916102080,B / SL,59866,8x2070565
70,"Aqua Maris D3 / Prunus spinosa, Summitates D5 aa",Tropfen zum Einnehmen 50 ml,Lieferbar,,124461,1102052,7611916163555,D / SL,418387,2070329
71,Arandisit D6,Injektionslösung 8 Amp.,Lieferbar,,124305,5313152,7611916151361,B / SL,404622,8x2070631
72,Arandisit D6,Pulver zum Einnehmen 50 g,Lieferbar,,124688,5161682,7611916141218,FM / nach ALT,,
73,Arandisit D15,Injektionslösung 8 Amp.,Lieferbar,,124283,4104601,7611916151149,B / SL,404622,8x2070654
74,Aranea diadema D6,Injektionslösung 8 Amp.,"Nicht lieferbar (Qualitätsproblem (Analytik, regulatory))",,124290,4104624,7611916151217,B / SL,59701,8x2070631
75,Archangelica ethanol. decoctum 10%,Crème 25 g,Lieferbar,,124472,1189835,7611916165382,D / SL,419485,2070140
76,Argentit D6,Ampullen 8 st,Gestrichen (Lieferbar: D6 Trituration),,100128,4104653,7611916102257,B,59693,8x2070631
77,Argentit D6,Pulver zum Einnehmen 50 g,Lieferbar,,124406,5043758,7611916152719,D / -,414039,
78,"Argentum metallicum praeparatum 0,4%",Salbe 25 g,Nicht lieferbar (Verlagerung zum Lohnhersteller),,100640,7371165,7611916157493,D / SL,403801,2070140
79,"Argentum metallicum praeparatum 0,4%",Vaginalzäpfchen 10 st,Lieferbar,,124680,7838580,7611916161704,FM / nach ALT,,
80,Argentum metallicum praeparatum D6,Injektionslösung 8 Amp.,Lieferbar,,100134,4104937,7611916102318,B / SL,59746,8x2070631
81,Argentum metallicum praeparatum D6,Tropfen zum Einnehmen 50 ml,Lieferbar,,205989,1006331,7611916162114,FM / SL,,2069674
82,Argentum metallicum praeparatum D6,Tabletten 50 g,Lieferbar,,124517,5043793,7611916153389,D / SL,415142,2069674
83,Argentum metallicum praeparatum D8,Injektionslösung 8 st,"Gestrichen (Lieferbar: D8 Dilution, D6 oder D12 Ampullen)",,100135,4105026,7611916102332,B / SL,59746,8x2070631
84,Argentum metallicum praeparatum D8,Tropfen zum Einnehmen 50 ml,Lieferbar,,205990,7850422,7611916162121,FM / SL,,2069674
85,Argentum metallicum praeparatum D12,Injektionslösung 8 Amp.,Lieferbar,,124348,5436541,7611916151781,B / SL,59746,8x2070654
86,Argentum metallicum praeparatum D20,Injektionslösung 8 Amp.,Lieferbar,,100138,726576,7611916102394,B / SL,59746,8x2070654
87,Argentum metallicum praeparatum D20,Trituration 50 g,Gestrichen (Lieferbar: D20 Tropfen),,124601,7715357,7611916158742,D / -,403765,
88,Argentum metallicum praeparatum D20,Tropfen zum Einnehmen 50 ml,Lieferbar,,124854,1031905,7611916162183,FM / SL,,2069734
89,Argentum metallicum praeparatum D30,Injektionslösung 8 Amp.,Lieferbar,,100139,4104920,7611916102417,B / SL,59746,8x2070677
90,Argentum metallicum praeparatum D30,Tropfen zum Einnehmen 50 ml,Lieferbar,,205988,7837474,7611916161872,FM / SL,,2069800
91,Argentum D8 / Hyoscyamus D3 aa,Tropfen zum Einnehmen 50 ml,Lieferbar,,205036,5161771,7611916141294,FM / SL,,2070329
92,Argentum D30 / Echinacea D6 aa,Injektionslösung 8 Amp.,Lieferbar,,100148,4104794,7611916102547,B / SL,406306,8x2070602
93,Argentum / Berberis comp.,Injektionslösung 8 Amp.,Lieferbar,,100143,4104742,7611916102455,B / SL,59865,8x2070588
94,Argentum / Berberis comp.,Tropfen zum Einnehmen 50 ml,Lieferbar,,124929,5043770,7611916153839,D / SL,415323,2070370
95,Argentum - Corpus vitreum D6,Augentropfen 10 ml,Lieferbar,,117230,7678917,7611916157141,B / -,415135,
96,Argentum nitricum D4,Augentropfen 10 ml,Lieferbar,,117229,7419570,7611916157028,D / -,59744,
97,Argentum nitricum D4,Tropfen zum Einnehmen 50 ml,Lieferbar,,205046,5089223,7611916141393,FM / SL,,2069674
98,Argentum nitricum D6,Tropfen zum Einnehmen 50 ml,Lieferbar,,205047,5089246,7611916141409,FM / SL,,2069674
99,Argentum nitricum D20,Tropfen zum Einnehmen 50 ml,Lieferbar,,205049,5089200,7611916141423,FM / SL,,2069734
100,Argentum nitricum D20,Injektionslösung 8 Amp.,Lieferbar,,100155,4105032,7611916102639,B / SL,59745,8x2070654
101,"Arnica-Essenz N, Weleda",Flüssigkeit zur Herstellung einer Lösung zur Anwendung auf der Haut 100 ml,Lieferbar,,5105,1132564,7680689920016,D / -,68992,
102,"Arnica-Gel, Weleda",Gel 25 g,Lieferbar,,5131,5912094,7680626670011,D / -,62667,
103,"Arnica-Gel, Weleda",Gel 70 g,Lieferbar,,5132,5912102,7680626670028,D / -,62667,
104,"Arnica-Salbe, Weleda",Crème 25 g,Lieferbar,,5145,4844568,7680570210028,D / -,57021,
105,"Arnica-Salbe, Weleda",Crème 70 g,Lieferbar,,5150,4844551,7680570210042,D / -,57021,
106,"Arnica, Planta tota 10%",Gel 25 g,Lieferbar,,100666,1025019,7611916163142,FM / nach ALT,,
107,"Arnica, Planta tota Rh D3",Injektionslösung 8 Amp.,Lieferbar,,100167,4108912,7611916102806,B / SL,59731,8x2070631
108,Arnica planta tota Rh D3,Augentropfen 10 ml,Lieferbar,,117231,7539280,7611916157189,D / -,59826,
109,"Arnica, Planta tota D3",Dilution 50 ml,Lieferbar,,124408,5043899,7611916152733,D / SL,414911,2069674
110,"Arnica, Planta tota D3",Globuli 4 g,Gestrichen (Lieferbar: D3 Dilution),,100445,1402686,7611916104343,D,412033,2069645
111,"Arnica, Planta tota D6",Tropfen zum Einnehmen 50 ml,Lieferbar,,124409,5043942,7611916152740,D / SL,414911,2069674
112,"Arnica, Planta tota D6",Globuli 4 g,Lieferbar,,100391,1119592,7611916164125,FM / SL,,2069645
113,"Arnica, Planta tota D10",Tropfen zum Einnehmen 50 ml,Lieferbar,,205062,5089832,7611916141553,FM / SL,,2069734
114,"Arnica, Planta tota Rh D6",Injektionslösung 8 Amp.,Lieferbar,,100170,4108964,7611916102844,B / SL,59731,8x2070631
115,"Arnica, Planta tota D15",Tropfen zum Einnehmen 50 ml,Lieferbar,,205064,5089855,7611916141577,FM / SL,,2069734
116,"Arnica, Planta tota D15",Globuli 4 g,Gestrichen (Lieferbar: D15 Dilution),,124962,6241176,7611916154331,D,412033,2069705
117,"Arnica, Planta tota Rh D15",Injektionslösung 8 Amp.,Gestrichen (Lieferbar: D15 Dilution oder D6 und D20 Ampullen),,124307,4108898,7611916151385,B,59731,8x2070654
118,"Arnica, Planta tota D20",Tropfen zum Einnehmen 50 ml,Lieferbar,,125411,5089861,7611916141584,FM / SL,,2069734
119,"Arnica, Planta tota Rh D20",Injektionslösung 8 Amp.,Lieferbar,,100173,4108906,7611916102905,B / SL,59731,8x2070654
120,"Arnica, Planta tota Rh D30",Injektionslösung 8 Amp.,Lieferbar,,100174,4108958,7611916102929,B / SL,59731,8x2070677
121,"Arnica, Planta tota D30",Tropfen zum Einnehmen 50 ml,Lieferbar,,206062,7850423,7611916162862,FM / SL,,2069800
122,"Arnica, Planta tota D30",Globuli 4 g,Lieferbar,,100392,1119591,7611916164132,FM / SL,,2069763
123,Arnica / Cepa / Symphytum,Crème 70 g,Lieferbar,,111028,7824341,7611916161438,FM / nach ALT,,
124,"Arnica, Planta tota D3 / Solutio alkalina 0,2%",Tropfen zum Einnehmen 50 ml,Lieferbar,,1185,4108823,7611916000119,FM / SL,,2070329
125,"Arnica, Planta tota D4 / Cepa D4 / Symphytum D4 aa",Tropfen zum Einnehmen 50 ml,Lieferbar,,124780,1034106,7611916162411,FM / SL,,2070329
126,"Arnica, Planta tota D10 / Cor D10 aa",Injektionslösung 8 Amp.,Lieferbar,,100214,4108361,7611916103247,B / SL,404650,8x2070588
127,"Arnica, Planta tota D20 / Equisetum arvense D20 aa",Injektionslösung 8 Amp.,Lieferbar,,100220,4108728,7611916103285,B / SL,405220,8x2070588
128,"Arnica, Planta tota D20 / Vespa crabro D6 aa",Ampullen 8 st,Gestrichen (Lieferbar: einzeln - nicht als Mischung),,100234,4108757,7611916103445,B / SL,59760,8x2070588
129,Arnica (Radix) D10,Tropfen zum Einnehmen 50 ml,Lieferbar,,205053,5089252,7611916141461,FM / SL,,2069734
130,Arnica Rh (Radix) D20,Injektionslösung 8 Amp.,Lieferbar,,100192,4105233,7611916103063,B / SL,405043,8x2070654
131,Arnica (Radix) D20,Tropfen zum Einnehmen 50 ml,Lieferbar,,124825,5089269,7611916141478,FM / SL,,2069734
132,Arnica Rh (Radix) D30,Injektionslösung 8 Amp.,Lieferbar,,100193,4105256,7611916103087,B / SL,405043,8x2070677
133,Arnica (Radix) D30,Tropfen zum Einnehmen 50 ml,Lieferbar,,124881,5089281,7611916141485,FM / SL,,2069800
134,Arnica / Aconitum / Apis comp.,Crème 70 g,Lieferbar,,100646,7824340,7611916161087,FM / nach ALT,,
135,Arnica / Betula comp.,Tropfen zum Einnehmen 50 ml,Lieferbar,,124456,1042403,7611916161292,D / SL,41835,2070370
136,Arnica comp. / Cuprum,Oel zur Anwendung auf der Haut 50 ml,Lieferbar,,124509,5043830,7611916153303,D / SL,417120,2070507
137,Arnica comp. / Formica,Oel zur Anwendung auf der Haut 50 ml,Lieferbar,,124931,5043847,7611916153853,D / SL,59915,2070507
138,Arnica comp. / Formica,Unguentum 25 g,Gestrichen (Im Sortiment: 70g (out of stock)),,100540,5021142,7611916137525,B,59916,2070482
139,Arnica comp. / Formica N,Crème 70 g,Wieder lieferbar,,124991,1159923,7611916165474,D / SL,70149,2070499
140,Arnica / Levisticum D3 comp.,Injektionslösung 8 Amp.,Lieferbar,,100224,4105279,7611916103360,B / SL,59793,8x2070565
141,Arnica / Levisticum D3 comp.,Tropfen zum Einnehmen 50 ml,Lieferbar,,124779,5089826,7611916141515,FM / SL,,2070329
142,Arnica / Levisticum D6 comp.,Injektionslösung 8 Amp.,Lieferbar,,100225,4105291,7611916103384,B / SL,59800,8x2070565
143,Arnica / Symphytum comp.,Crème 25 g,Lieferbar,,124987,1126597,7611916164279,FM / nach ALT,,
144,Arnica / Symphytum comp.,Crème 70 g,Gestrichen,,100230,5021099,7611916136801,B,59801,2070499
145,Arsenicum album D6,Globuli 4 g,Gestrichen (Lieferbar: D6 Dilution),,100470,1606756,7611916104442,D,412029,2069645
146,Arsenicum album D6,Tropfen zum Einnehmen 50 ml,Lieferbar,,205998,7844623,7611916161940,FM / SL,,2069674
147,Arsenicum album D12,Tropfen zum Einnehmen 50 ml,Lieferbar,,205996,1019850,7611916161926,FM / SL,,2069734
148,Arsenicum album D20,Tropfen zum Einnehmen 50 ml,Lieferbar,,124826,1034107,7611916161933,FM / SL,,2069734
149,Arsenicum album D30,Injektionslösung 8 Amp.,Gestrichen (Lieferbar: D20 Dilution),,100239,4109018,7611916103520,B,59498,8x2070677
150,Arsenicum album D30,Globuli 4 g,Gestrichen (Lieferbar: D20 Dilution),,100485,1606762,7611916104466,D,412029,2069763
152,Arum maculatum D3 / Pteridium aquilinum D3 aa,Tropfen zum Einnehmen 50 ml,Lieferbar,,205076,5092024,7611916141690,FM / SL,,2070329
153,Aspidium / Salix comp. Ø (= 20%),Tropfen zum Einnehmen 50 ml,Lieferbar,,124781,1034108,7611916162879,FM / SL,,2070275
154,Aspidium / Salix comp.,Tabletten 50 g,Lieferbar,,124970,6875952,7611916156151,D / SL,60007,2070275
155,Astragalus exscapus D3,Injektionslösung (s.c.) 8 st,Wieder lieferbar,,124308,4109030,7611916151392,B / SL,59936,8x2070631
156,"Aufbaukalk 1+2, Weleda",Pulver zum Einnehmen 2×45 g,Lieferbar,,5207,7230223,7680567590010,D / -,56759,
157,Aurum metallicum praeparatum D4,Crème 25 g,Lieferbar,,100665,1035593,7611916163135,FM / nach ALT,,
158,Aurum metallicum praeparatum D6,Ampullen 8 st,Gestrichen (Lieferbar: D10 Ampullen),,100248,4109691,7611916103582,B,59729,8x2070631
159,Aurum metallicum praeparatum D6,Pulver zum Einnehmen 50 g,Lieferbar,,124602,7715392,7611916158759,D / -,404022,
160,Aurum metallicum praeparatum D6,Tropfen zum Einnehmen 50 ml,Lieferbar,,205978,7848102,7611916162138,FM / SL,,2069674
161,Aurum metallicum praeparatum D10,Injektionslösung 8 Amp.,Lieferbar,,100250,4109254,7611916103629,B / SL,59729,8x2070654
162,Aurum metallicum praeparatum D10,Pulver zum Einnehmen 50 g,Lieferbar,,124705,7848105,7611916162428,FM / nach ALT,,
163,Aurum metallicum praeparatum D10,Tabletten 50 g,Lieferbar,,124519,5045036,7611916153402,D / SL,415130,2069734
164,Aurum metallicum praeparatum D10,Tropfen zum Einnehmen 50 ml,Lieferbar,,205973,1008645,7611916162145,FM / SL,,2069734
165,Aurum metallicum praeparatum D12,Injektionslösung 8 Amp.,Gestrichen (Lieferbar: D10 Ampullen),,100251,4109308,7611916103643,B,59729,8x2070654
166,Aurum metallicum praeparatum D12,Pulver zum Einnehmen 50 g,Lieferbar,,206021,1027358,7611916162435,FM / nach ALT,,
167,Aurum metallicum praeparatum D12,Tropfen zum Einnehmen 50 ml,Lieferbar,,205974,1034228,7611916162190,FM / SL,,2069734
168,Aurum metallicum praeparatum D15,Injektionslösung 8 Amp.,Lieferbar,,100252,4109314,7611916103667,B / SL,59729,8x2070654
169,Aurum metallicum praeparatum D15,Tropfen zum Einnehmen 50 ml,Lieferbar,,205975,1034109,7611916162206,FM / SL,,2069734
170,Aurum metallicum praeparatum D20,Injektionslösung 8 Amp.,Lieferbar,,100253,4109320,7611916103681,B / SL,59729,8x2070654
171,Aurum metallicum praeparatum D20,Tropfen zum Einnehmen 50 ml,Lieferbar,,205976,7837636,7611916161889,FM / SL,,2069734
172,Aurum metallicum praeparatum D30,Injektionslösung 8 Amp.,Lieferbar,,100254,4109337,7611916103704,B / SL,59729,8x2070677
173,Aurum metallicum praeparatum D30,Tropfen zum Einnehmen 50 ml,Lieferbar,,205977,7837475,7611916161896,FM / SL,,2069800
174,Aurum D10 / Cor D4 aa,Injektionslösung (s.c.) 8 Amp.,Lieferbar,,124264,4109107,7611916150944,B / SL,59730,8x2070588
175,Aurum D10 / Ferrum sidereum D10 aa,Injektionslösung 8 Amp.,Lieferbar,,100269,4109136,7611916103803,B / SL,404611,8x2070588
176,Aurum D10 / Ferrum sidereum D10 aa,Tropfen zum Einnehmen 50 ml,Lieferbar,,124459,1050322,7611916163548,D / SL,418388,2070370
177,Aurum D10 / Strophanthus kombé D6 aa,Injektionslösung 8 Amp.,Gestrichen (Lieferbar: als FM Mischung Dilution),,100278,4109165,7611916103902,B,404655,8x2070588
178,Aurum D10 3 Teile / Stibium D8 2 Teile,Injektionslösung 8 Amp.,Lieferbar,,100273,4109171,7611916103865,B / SL,59934,8x2070588
179,Aurum / Stibium,Pulver zum Einnehmen 50 g,Lieferbar,,124685,1148139,7611916164354,FM / nach ALT,,
180,Aurum D30 / Equisetum arvense D20 aa,Injektionslösung 8 Amp.,Lieferbar,,100268,4109188,7611916103780,B / SL,405400,8x2070602
181,Aurum / Belladonna comp.,Tropfen zum Einnehmen 50 ml,Lieferbar,,00124757,1008644,7611916162534,FM / SL,,2070370
182,Aurum / Hyoscyamus comp.,Ampullen 8 st,Lieferbar,,100270,4109053,7611916103827,B / SL,59935,8x2070588
183,Aurum / Hyoscyamus comp.,Tropfen zum Einnehmen 50 ml,Lieferbar,,124932,5045007,7611916153860,D / SL,415328,2070370
184,Aurum / Lavandulae aetheroleum / Rosa,Crème 25 g,Lieferbar,,100647,1148138,7611916164729,D / SL,419285,2070482
185,Aurum / Onopordon comp.,Tropfen zum Einnehmen 50 ml,Lieferbar,,00124758,5092277,7611916141751,FM / SL,,2070275
186,Avena sativa Ø (= 50%),Tropfen zum Einnehmen 50 ml,Lieferbar,,205102,5096217,7611916141959,FM / SL,,2069591
187,Avena sativa comp.,Tropfen zum Einnehmen 50 ml,Lieferbar,,124410,5096192,7611916152757,D / SL,414908,2070424
188,Avena sativa comp.,Globuli 10 g,Gestrichen (als Calmedoron im Sortiment),,100472,5773801,7611916152641,D / SL,414837,2070393
190,Barium comp.,Pulver zum Einnehmen 50 g,Lieferbar,,124933,5045059,7611916153877,D / -,59931,
191,Belladonna D3,Tropfen zum Einnehmen 50 ml,Lieferbar,,205106,5100166,7611916141997,FM / SL,,2069674
192,Belladonna Rh D6,Injektionslösung 8 Amp.,Lieferbar,,101007,4111274,7611916104565,B / SL,403641,8x2070631
193,Belladonna D6,Tropfen zum Einnehmen 50 ml,Lieferbar,,205957,7682729,7611916159978,FM / SL,,2069674
194,Belladonna D6,Globuli 4 g,Lieferbar,,100393,1120190,7611916164149,FM / SL,,2069645
195,Belladonna D10,Tropfen zum Einnehmen 50 ml,Lieferbar,,205108,5100114,7611916142017,FM / SL,,2069734
196,Belladonna D15,Tropfen zum Einnehmen 50 ml,Lieferbar,,205110,5100137,7611916142031,FM / SL,,2069734
197,Belladonna D20,Tropfen zum Einnehmen 50 ml,Lieferbar,,205111,5100143,7611916142048,FM / SL,,2069734
198,Belladonna Rh D20,Injektionslösung 8 Amp.,Lieferbar,,124263,4111239,7611916150937,B / SL,403641,8x2070654
199,Belladonna Rh D30,Injektionslösung 8 Amp.,Lieferbar,,124346,4111268,7611916150913,B / SL,403641,8x2070677
200,Belladonna D30,Tropfen zum Einnehmen 50 ml,Lieferbar,,124884,5090203,7611916142055,FM / SL,,2069800
201,Belladonna D30,Globuli 4 g,Gestrichen (Lieferbar: D30 Dilution),,101220,1606791,7611916105579,D,412030,2069763
202,Belladonna / Betula / Formica,Augentropfen 10 ml,Lieferbar,,117232,7341939,7611916157202,D / -,59941,
203,"Berberis, Fructus 10%",Crème 25 g,Lieferbar,,100659,1031904,7611916161827,FM / nach ALT,,
204,"Berberis, Fructus D1",Tropfen zum Einnehmen 50 ml,Lieferbar,,205979,7837477,7611916162077,FM / SL,,2069674
205,"Berberis, Fructus Rh D3",Ampullen 8 st,Gestrichen (Lieferbar: D3 Dilution),,101039,4111357,7611916104909,B,59733,8x2070631
206,"Berberis, Fructus D3",Tropfen zum Einnehmen 50 ml,Lieferbar,,205980,7846797,7611916162213,FM / SL,,2069674
207,"Berberis, Fructus D6",Tropfen zum Einnehmen 50 ml,Lieferbar,,205981,1034110,7611916162220,FM / SL,,2069674
208,"Berberis, Planta tota / Urtica urens",Tabletten 50 g,Lieferbar,,124411,5045119,7611916152764,D / SL,414033,2070329
209,Betonica D3 / Rosmarinus D3 aa,Injektionslösung 8 st,Lieferbar,,101056,4111400,7611916105104,B / SL,59945,8x2070565
210,Betonica D3 / Rosmarinus D3 aa,Tropfen zum Einnehmen 50 ml,Lieferbar,,124831,7805921,7611916161162,FM / SL,,2070329
211,"Betula, Cortex, ethanol. Decoctum D2",Tropfen zum Einnehmen 50 ml,Lieferbar,,205130,5091450,7611916142239,FM / SL,,2069674
212,"Betula, Folium D3",Tropfen zum Einnehmen 50 ml,Lieferbar,,124885,5093041,7611916142260,FM / SL,,2069674
213,Biodoron® 150 mg,Kapseln 20 st,Nicht lieferbar (Produktionskapazität),,3063,956448,7680380510165,B / SL,38051,
214,Biodoron® 150 mg,Kapseln 80 st,Nicht lieferbar (Produktionskapazität),,3066,956454,7680380510240,B / SL,38051,
215,Biodoron® 5%,Tabletten 250 st,Lieferbar,,5305,6310701,7680215210017,D / -,21521,
216,Bismutum metallicum praeparatum D6,Pulver zum Einnehmen 50 g,Lieferbar,,206037,1033461,7611916162619,FM / nach ALT,,
217,Bismutum / Graphites / Stibium,Salbe 23 g,Lieferbar,,100550,5026406,7611916150715,FM / Nach ALT,,
218,Bismutum / Graphites comp.,Pulver zum Einnehmen 50 g,Lieferbar,,124707,5093064,7611916142284,FM / nach ALT,,
219,Bismutum / Stibium,Salbe 23 g,Lieferbar,,100616,1105367,7611916164309,FM / nach ALT,,
220,Bryonia D3,Injektionslösung (s.c.) 8 Amp.,Lieferbar,,101073,4111475,7611916105265,B / SL,59736,8x2070631
221,Bryonia D3,Tropfen zum Einnehmen 50 ml,Lieferbar,,206065,1034111,7611916162893,FM / SL,,2069674
222,Bryonia D6,Ampullen 8 st,Gestrichen (Lieferbar: D3 Ampullen),,124269,4111481,7611916150999,B,59736,8x2070631
223,Bryonia D6,Tropfen zum Einnehmen 50 ml,Lieferbar,,206066,1034112,7611916162909,FM / SL,,2069674
224,Bryophyllum 50%,Kautabletten 50 g,Lieferbar,,124551,6706238,7611916156298,D / SL,59501,2069591
225,Bryophyllum 5%,Injektionslösung (s.c.) 8 Amp.,Lieferbar,,101078,4111498,7611916105340,B / SL,59951,8x2070631
226,Bryophyllum Ø (= 33%),Tropfen zum Einnehmen 50 ml,Lieferbar,,124924,6710174,7611916153785,D / SL,59952,2069591
227,Bryophyllum D1,Tropfen zum Einnehmen 50 ml,Lieferbar,,205145,5100338,7611916142383,FM / SL,,2069674
228,Bryophyllum Argento cultum Rh D2,Injektionslösung (s.c.) 8 Amp.,Lieferbar,,100158,4111558,7611916102684,B / SL,59837,8x2070631
229,Bryophyllum Argento cultum D2,Tropfen zum Einnehmen 50 ml,Lieferbar,,124969,5047035,7611916155673,D / SL,59954,2069674
230,Bryophyllum Argento cultum Rh D3,Tropfen zum Einnehmen 20 ml,Lieferbar,,100160,3050145,7611916102721,D / SL,59836,2069651
231,Bryophyllum Mercurio cultum 1%,Tropfen zum Einnehmen 50 ml,Lieferbar,,205151,5102159,7611916142444,FM / SL,,2069674
232,Bryophyllum 50% / Conchae 50% aa,Pulver zum Einnehmen 50 g,Lieferbar,,124935,5217141,7611916153891,D / SL,59835,2070275
233,Bryophyllum D5 / Conchae D7 aa,Injektionslösung (s.c.) 8 Amp.,Lieferbar,,101083,4111593,7611916105432,B / SL,59815,8x2070565
234,Bryophyllum D5 / Conchae D7 aa,Injektionslösung (i.v.) 5 Amp. à 10ml,Lieferbar,,101097,4111624,7611916105470,B / SL,59814,5x2070625
235,Bryophyllum D5 / Conchae D7 aa,Tropfen zum Einnehmen 50 ml,Lieferbar,,124458,1104933,7611916163531,D / SL,418385,2070329
242,"Calendula-Essenz, Weleda",Flüssigkeit zur Anwendung auf der Haut 100 ml,Lieferbar,,5366,1345238,7680495600362,D / -,49560,
243,"Calendula-Salbe, Weleda",Crème 25 g,Lieferbar,,5345,4844545,7680463540379,D / -,46354,
244,"Calendula-Salbe, Weleda",Crème 70 g,Lieferbar,,5350,4844539,7680463540386,D / -,46354,
245,"Calendula-Spray, Weleda",Spray zur Anwendung auf der Haut 50 ml,Lieferbar,,5368,2218223,7680555200037,D / -,55520,
246,Calendula 10%,Gel 25 g,Gestrichen (Lieferbar: Calendula-Salbe),,100556,5046834,7611916150760,D,404057,2070140
247,Calendula Ø (= 33%),Tropfen zum Einnehmen 50 ml,Lieferbar,,205161,5046604,7611916142543,FM / SL,,2069591
248,Calendula D4,Augentropfen 10 ml,Lieferbar,,102009,867331,7611916105777,D / -,59747,
249,Calendula / Echinacea / Sulfur,Schüttelmixtur 100 ml,Lieferbar,,102025,7822081,7611916161315,FM / SL,,2070476
250,Calmedoron®,Globuli 10 g,Lieferbar,,4050,6033302,7680620380015,D / -,62038,
251,Calmedoron®,Tropfen 50 ml,Lieferbar,,4037,5932412,7680628540015,D / -,62854,
252,Capsella / Majorana comp.,Tropfen zum Einnehmen 50 ml,Lieferbar,,124978,7817152,7611916161254,D / SL,417664,2070275
253,Carbo Betulae D6,Pulver zum Einnehmen 50 g,Lieferbar,,124413,5046952,7611916152788,D / -,414026,
254,Carbo Betulae D8,Injektionslösung 8 Amp.,Gestrichen (Lieferbar: D8 Dilution oder D20 Ampullen),,102038,4113818,7611916105999,B / -,404667,8x2070631
255,Carbo Betulae D8,Tropfen zum Einnehmen 50 ml,Lieferbar,,205172,5104939,7611916142659,FM / SL,,2069674
256,Carbo Betulae D12,Tropfen zum Einnehmen 50 ml,Lieferbar,,205174,5104069,7611916142673,FM / SL,,2069734
257,Carbo Betulae D20,Injektionslösung 8 Amp.,Wieder lieferbar,,102040,4113758,7611916106033,B / SL,404667,8x2070654
258,Carbo Betulae D20,Tropfen zum Einnehmen 50 ml,Lieferbar,,205176,5104098,7611916142697,FM / SL,,2069734
259,Carbo Betulae D20,Pulver zum Einnehmen 50 g,Lieferbar,,205181,5104106,7611916142741,FM / nach ALT,,
260,Carbo Betulae D30,Tropfen zum Einnehmen 50 ml,Lieferbar,,205177,5104112,7611916142703,FM / SL,,2069800
261,Carbo Betulae D30,Injektionslösung 8 Amp.,Lieferbar,,102041,4113764,7611916106057,B / SL,404667,8x2070677
262,Carbo Betulae comp.,Kapseln 30 st,Lieferbar,,110047,7733125,7611916158025,D / SL,66945,3794130
263,Carbo Betulae D8 / Crataegus D2 aa,Injektionslösung (s.c.) 8 Amp.,Lieferbar,,102054,4113847,7611916106071,B / SL,59890,8x2070565
264,Carbo Betulae cum Methano D3,Pulver zum Einnehmen 50 g,Lieferbar,,205982,7837816,7611916162091,FM / nach ALT,,
265,Carbo Betulae / Sulfur,Tabletten 50 g,Lieferbar,,124412,5046892,7611916152771,D / SL,414031,2070329
266,Carbo Equiseti arvensis D15,Injektionslösung 8 Amp.,Lieferbar,,124312,4113876,7611916151439,B / SL,404675,8x2070654
267,Cardiodoron® neue Formel,Tropfen zum Einnehmen 50 ml,Lieferbar,,3210,7799587,7680672720012,D / -,67272,
268,Carduus benedictus D1 / Paeonia officinalis D1 aa,Tropfen zum Einnehmen 50 ml,Lieferbar,,124803,5104336,7611916142857,FM / SL,,2070329
269,Carpellum Mali comp.,Pulver zum Einnehmen 50 g,Lieferbar,,124636,7735649,7611916159503,D / -,403737,
270,Carvi aetheroleum comp.,Oleum 50 ml,Gestrichen,,124508,5046981,7611916153297,D,415121,2070507
271,Cerussit D6,Pulver zum Einnehmen 50 g,Lieferbar,,124686,5109233,7611916143038,FM / nach ALT,,
272,Cerussit D8,Injektionslösung 8 Amp.,Lieferbar,,102082,1282489,7611916106309,B / SL,59591,8x2070631
273,Chalkosin D3,Pulver zum Einnehmen 50 g,Lieferbar,,205213,5109285,7611916143069,FM / nach ALT,,
274,"Chamomilla, Radix 2%",Tabletten 50 g,Lieferbar,,124414,5047101,7611916152795,D / SL,414029,2069674
275,"Chamomilla, Radix, ethanol. Decoctum D3",Tropfen zum Einnehmen 50 ml,Lieferbar,,124858,5110555,7611916143144,FM / SL,,2069674
276,"Chamomilla, Radix, ethanol. Decoctum D6",Globuli 4 g,Lieferbar,,100394,1119593,7611916164156,FM / SL,,2069645
277,"Chamomilla, Radix, ethanol. Decoctum D12",Tropfen zum Einnehmen 50 ml,Lieferbar,,205223,5110549,7611916143168,FM / SL,,2069734
278,"Chamomilla, Radix, ethanol. Decoctum D30",Tropfen zum Einnehmen 50 ml,Lieferbar,,205224,5110561,7611916143175,FM / SL,,2069800
279,"Chamomilla, Radix, ethanol. Decoctum D30",Globuli 4 g,Gestrichen (Lieferbar: D30 Tropfen),,102320,1606880,7611916108105,D,412064,2069763
280,Chamomilla Cupro culta radix ethanol. Decoctum D2,Tropfen zum Einnehmen 50 ml,Lieferbar,,124937,5047147,7611916153914,D / SL,415321,2069674
281,"Chamomilla Cupro culta, Radix, ethanol. Decoctum D3",Dilution 50 ml,Gestrichen (Lieferbar: D2 und Rh D3 Tropfen),,124938,5110584,7611916153921,D,415321,2069674
282,Chamomilla Cupro culta Radix Rh D2,Injektionslösung (s.c.) 8 st,Lieferbar,,102229,4127499,7611916107788,B / SL,59919,8x2070631
283,"Chamomilla Cupro culta, Radix Rh D3",Tropfen zum Einnehmen 20 ml,Lieferbar,,102231,4127631,7611916107825,D / SL,404607,2069651
284,Chamomilla comp.,Suppositorien 10 st,Lieferbar,,124460,7844774,7611916161308,D / SL,59295,10x2070559
285,Chamomilla / Malachit comp.,Injektionslösung 8 Amp.,Lieferbar,,102108,4114137,7611916106583,B / SL,59802,8x2070588
286,Chamomilla / Malachit comp.,Tropfen zum Einnehmen 50 ml,Lieferbar,,124466,1027356,7611916163210,D / SL,418245,2070370
287,Chelidonium 10%,Crème 25 g,Lieferbar,,102115,4127944,7611916131394,FM / nach ALT,,
288,Chelidonium D3,Tropfen zum Einnehmen 50 ml,Lieferbar,,205226,5110733,7611916143199,FM / SL,,2069674
289,Chelidonium Rh D4,Augentropfen 10 ml,Lieferbar,,117235,7573727,7611916157134,D / -,59848,
290,Chelidonium Ferro cultum Rh D3,Tropfen zum Einnehmen 20 ml,Lieferbar,,124670,7805662,7611916161056,D / SL,417625,2069651
291,Chelidonium comp.,Tropfen zum Einnehmen 50 ml,Lieferbar,,124156,7789304,7611916160325,D / SL,60029,2070275
292,Chelidonium / Colchicum / Spongia,Crème 25 g,Lieferbar,,100660,1001346,7611916161834,FM / nach ALT,,
293,Chelidonium / Curcuma comp.,Kautabletten 50 g,Lieferbar,,124967,5167029,7611916155826,D / SL,59589,2070275
294,Choleodoron®,Tropfen 50 ml,Lieferbar,,3305,3586934,7680159800381,D / -,15980,
295,Chrysolith D6,Pulver zum Einnehmen 50 g,Lieferbar,,206024,1033462,7611916162466,FM / nach ALT,,
296,Chrysolith D12,Injektionslösung 8 Amp.,Lieferbar,,102129,4128010,7611916106729,B / SL,404651,8x2070654
297,Chrysolith D12,Pulver zum Einnehmen 50 g,Lieferbar,,124698,1001352,7611916162459,FM / nach ALT,,
298,Chrysolith D20,Pulver zum Einnehmen 50 g,Wieder lieferbar,,124683,1183239,7611916165634,D / -,419685,
299,Chrysolith D30,Injektionslösung 8 Amp.,Gestrichen (Lieferbar: D12 Ampullen),,124279,4128027,7611916151095,B,404651,8x2070677
300,Chrysolith comp.,Injektionslösung 8 Amp.,Lieferbar,,102131,4127973,7611916106767,B / SL,404619,8x2070602
301,Cichorium Rh D3,Tropfen zum Einnehmen 20 ml,Nicht lieferbar (Tropfen zum Einnehmen (ethanolisch) verfügbar.),,102134,4128062,7611916106828,D / SL,404614,2069651
302,"Cichorium, ethanol. Decoctum D1",Tropfen zum Einnehmen 50 ml,Lieferbar,,124833,1006330,7611916162473,FM / SL,,2069591
303,"Cichorium, ethanol. Decoctum D3",Tropfen zum Einnehmen 50 ml,Lieferbar,,206027,7848104,7611916162497,FM / SL,,2069674
304,"Cichorium, ethanol. Decoctum D20",Tropfen zum Einnehmen 50 ml,Lieferbar,,206026,1034113,7611916162480,FM / SL,,2069734
305,Cichorium Plumbo cultum D2,Tropfen zum Einnehmen 50 ml,Gestrichen (Lieferbar: Rh D3 wässrige Tropfen zum Einnehmen),,124668,7805922,7611916161032,D,417628,2069674
306,Cichorium Plumbo cultum Rh D3,Tropfen zum Einnehmen 20 ml,Lieferbar,,124467,1158864,7611916163760,D / SL,418546,2069651
307,Cichorium Stanno cultum D2,Tropfen zum Einnehmen 50 ml,Gestrichen (Lieferbar: Rh D3 Ampullen),,124669,7805923,7611916161049,D / SL,417627,2069674
308,Cichorium Stanno cultum Rh D3,Injektionslösung 8 Amp.,Lieferbar,,124299,5313531,7611916151309,B / SL,59842,8x2070631
309,"Cimicifuga racemosa, ethanol. Decoctum D3",Tropfen zum Einnehmen 50 ml,Lieferbar,,205254,5111945,7611916143472,FM / SL,,2069674
310,Cimicifuga comp.,Tropfen zum Einnehmen 50 ml,Lieferbar,,120034,7783715,7611916160288,D / SL,60036,2070275
311,Cineraria maritima D3,Augentropfen 10 ml,Lieferbar,,117236,7379161,7611916157165,D / -,59775,
312,Cinis Arnicae D6,Pulver zum Einnehmen 50 g,Lieferbar,,124712,5112554,7611916143526,FM / nach ALT,,
313,Cinis Capsellae comp.,Crème 25 g,Lieferbar,,100657,7851209,7611916161803,FM / nach ALT,,
314,Cinis Equiseti arvensis D3,Pulver zum Einnehmen 50 g,Lieferbar,,124689,1008649,7611916162626,FM / nach ALT,,
315,Cinis Glechomatis D3,Pulver zum Einnehmen 50 g,Lieferbar,,124690,5112583,7611916143540,FM / nach ALT,,
316,Cinis Tabaci D3,Pulver zum Einnehmen 50 g,Lieferbar,,124700,5112459,7611916143601,FM / nach ALT,,
317,Cinis Tabaci D8,Tropfen zum Einnehmen 50 ml,Lieferbar,,124759,5112465,7611916143595,FM / nach ALT,,2069674
318,Cinis Tabaci D20,Injektionslösung 8 Amp.,Lieferbar,,124352,5570280,7611916151828,B / SL,415133,8x2070654
319,Cinis Urticae Ferro cultae D3,Pulver zum Einnehmen 50 g,Lieferbar,,124691,5112488,7611916143625,FM / nach ALT,,
321,Cissus - Ossa D6,Pulver zum Einnehmen 50 g,Lieferbar,,205272,5112519,7611916143656,FM / nach ALT,,
322,Citrus / Cydonia,Augentropfen 10 ml,Lieferbar,,102156,4527968,7611916135934,D / -,59967,
323,Cocculus comp.,Globuli 4 g,Lieferbar,,100398,1119594,7611916164477,FM / SL,,2070298
324,Cochlearia armoracia 10%,Crème 25 g,Lieferbar,,100658,1014212,7611916161810,FM / nach ALT,,
325,"Colchicum, Tuber Rh D3",Injektionslösung 8 Amp.,Lieferbar,,124282,4129647,7611916151132,A / SL,59838,8x2070631
326,"Colchicum, Tuber, ethanol. Digestio D2",Tropfen zum Einnehmen 50 ml,Lieferbar,,204570,7823284,7611916161636,FM / SL,,2069674
327,"Colchicum, Tuber, ethanol. Digestio D3",Tropfen zum Einnehmen 50 ml,Lieferbar,,204571,7823285,7611916161643,FM / SL,,2069674
328,Combudoron®,Gel 25 g,Lieferbar,,5560,5855976,7680499800225,D / -,49980,
329,Combudoron®,Spray 50 ml,Lieferbar,,5520,2363221,7680499780220,D / -,49978,
330,Compositio Mineralis cum Saccharo D3,Tropfen zum Einnehmen 50 ml,Lieferbar,,00124762,5123428,7611916093364,FM / SL,,2070329
331,Conchae 50%,Pulver zum Einnehmen 50 g,Lieferbar,,124521,5047213,7611916153426,D / SL,59607,2069591
332,Conchae 5%,Pulver zum Einnehmen 50 g,Lieferbar,,124743,1025020,7611916162640,FM / SL,,2069591
333,Conchae D6,Pulver zum Einnehmen 50 g,Lieferbar,,124717,1033463,7611916162657,FM / nach ALT,,
334,Conchae D6,Tropfen zum Einnehmen 50 ml,Lieferbar,,205994,1003150,7611916162152,FM / SL,,2069674
335,Conchae D12,Tropfen zum Einnehmen 50 ml,Lieferbar,,205991,1027355,7611916162237,FM / SL,,2069734
336,Conchae D20,Tropfen zum Einnehmen 50 ml,Lieferbar,,205992,1034223,7611916162244,FM / SL,,2069734
337,Conchae D30,Tropfen zum Einnehmen 50 ml,Lieferbar,,124859,7837476,7611916161902,FM / SL,,2069800
338,Conchae / Quercus,Pulver zum Einnehmen 50 g,Lieferbar,,124716,1001348,7611916162633,FM / nach ALT,,
339,Conium maculatum 5%,Crème 25 g,Lieferbar,,124996,1153054,7611916164767,FM / nach ALT,,
340,"Convallaria, Flos D1",Tropfen zum Einnehmen 50 ml,Lieferbar,,124896,5124103,7611916144103,FM / SL,,2069674
341,"Convallaria, Flos D3",Tropfen zum Einnehmen 50 ml,Lieferbar,,205318,5124586,7611916144110,FM / SL,,2069674
342,Corpus vitreum - Stannum D4,Augentropfen 10 ml,Lieferbar,,117237,7762589,7611916157103,B / -,59783,
343,"Crataegus, ethanol. Digestio Ø (= 33%)",Tropfen zum Einnehmen 50 ml,Lieferbar,,124419,5058079,7611916152849,D / SL,414903,2069591
344,Crataegus (Folium cum Flore et Fructus),Kautabletten 40 g,Lieferbar,,1517,5565391,7611916152108,D / SL,415139,2070269
345,Crataegus Ø (= 33%) / Kalmia latifolia D2 aa,Tropfen zum Einnehmen 50 ml,Lieferbar,,205961,7772900,7611916160684,FM / SL,,2070275
346,Crataegus comp.,Tropfen zum Einnehmen 50 ml,Lieferbar,,124418,6869934,7611916152832,B / SL,416481,2070275
347,Crotalus terrificus D30,Injektionslösung 8 Amp.,Lieferbar,,124292,4129819,7611916151231,B / SL,404679,8x2070677
348,Cuprit D3,Pulver zum Einnehmen 50 g,Lieferbar,,124718,1033464,7611916162664,FM / nach ALT,,
349,Cuprit D6,Pulver zum Einnehmen 50 g,Lieferbar,,124692,1033465,7611916162671,FM / nach ALT,,
350,Cupro - Stibium D6,Pulver zum Einnehmen 50 g,Lieferbar,,124719,1033466,7611916162688,FM / nach ALT,,
351,Cuprum - Ren - Glandula suprarenalis D6,Ampullen 8 st,Gestrichen,,102223,4130372,7611916153204,B,415128,8x2070631
352,Cuprum aceticum D3,Tropfen zum Einnehmen 50 ml,Lieferbar,,124162,1045183,7611916163357,B / SL,418446,2069674
353,Cuprum aceticum D4,Tropfen zum Einnehmen 50 ml,Lieferbar,,206067,1034224,7611916162916,FM / SL,,2069674
354,Cuprum aceticum D6,Tropfen zum Einnehmen 50 ml,Gestrichen (LIeferbar: D3 und D4),,124578,7690953,7611916158513,D / SL,403928,2069674
355,Cuprum aceticum D4 / Zincum valerianicum D4,Tropfen zum Einnehmen 50 ml,Lieferbar,,124420,5058116,7611916152856,D / SL,414904,2070329
358,"Cuprum metallicum praeparatum 0,4%",Salbe 23 g,Lieferbar,,100624,1148344,7611916165528,FM / nach ALT,,
359,Cuprum metallicum praeparatum D6,Injektionslösung 8 Amp.,Lieferbar,,102214,4130047,7611916107627,B / SL,404620,8x2070631
360,Cuprum metallicum praeparatum D6,Tropfen zum Einnehmen 50 ml,Lieferbar,,124787,5125172,7611916144301,FM / SL,,2069674
361,Cuprum metallicum praeparatum D6,Pulver zum Einnehmen 50 g,Lieferbar,,124612,7682959,7611916158858,D / -,403741,
362,Cuprum metallicum praeparatum D10,Tropfen zum Einnehmen 50 ml,Lieferbar,,124834,5125114,7611916144325,FM / SL,,2069734
363,Cuprum metallicum praeparatum D10,Injektionslösung 8 Amp.,Gestrichen (Lieferbar: D6),,124324,5313181,7611916151552,B,404620,8x2070654
364,Cuprum metallicum praeparatum D20,Tropfen zum Einnehmen 50 ml,Lieferbar,,205341,5125143,7611916144349,FM / SL,,2069734
365,Cuprum metallicum praeparatum D30,Tropfen zum Einnehmen 50 ml,Lieferbar,,205342,5125166,7611916144356,FM / SL,,2069800
366,Cuprum metallicum praeparatum D30,Injektionslösung 8 Amp.,Lieferbar,,102218,4130030,7611916107702,B / SL,404620,8x2070677
367,Cuprum sulfuricum D4,Tropfen zum Einnehmen 50 ml,Lieferbar,,205347,5125232,7611916144400,FM / SL,,2069674
368,Cuprum sulfuricum D6,Tropfen zum Einnehmen 50 ml,Lieferbar,,205348,5125249,7611916144417,FM / SL,,2069674
369,Digestodoron® N,Tropfen zum Einnehmen 50 ml,Lieferbar,,3605,1148976,7680695190014,D / -,69519,
370,"Digitalis purpurea, ethanol. Digestio D1",Tropfen zum Einnehmen 50 ml,Lieferbar,,124753,5125261,7611916144448,FM / SL,,2069674
371,Drosera D3,Dilution 50 ml,Gestrichen,,205357,5106080,7611916144509,,,2069674
372,Dulcamara / Lysimachia,Tropfen zum Einnehmen 50 ml,Lieferbar,,124676,7785300,7611916160301,D / SL,67356,2070275
373,Dulcamara / Lysimachia N,Crème 25 g,Lieferbar,,124988,,7611916164286,D / SL,69774,2070482
374,Dyskrasit D6,Injektionslösung 8 Amp.,Gestrichen (Lieferbar: D6 Trituration und D20 Ampullen),,103017,4130455,7611916108297,B,59596,8x2070631
375,Dyskrasit D6,Pulver zum Einnehmen 50 g,Lieferbar,,124693,5118338,7611916144608,FM / nach ALT,,
376,Dyskrasit D20,Injektionslösung 8 Amp.,Lieferbar,,124353,5497844,7611916151835,B / SL,59596,8x2070654
377,Echinacea / Calendula comp.,Lutschtabletten 30 g,Lieferbar,,124554,7343654,7611916157738,D / SL,416462,2070269
378,Echinadoron®,Lutschtabletten 30 st,Lieferbar,,5540,6688440,7680652000011,D / -,65200,
380,Equisetum arvense 10%,Crème 25 g,Lieferbar,,100638,7836699,7611916161650,FM / nach ALT,,
381,"Equisetum arvense, ethanol. Decoctum D3",Tropfen zum Einnehmen 50 ml,Lieferbar,,205374,5118433,7611916144677,FM / SL,,2069674
382,Equisetum arvense Rh D6,Tropfen zum Einnehmen 20 ml,Gestrichen (Lieferbar: D6 Tropfen),,104016,4130604,7611916108600,D,406310,2069651
383,Equisetum arvense Rh D6,Injektionslösung 8 Amp.,Gestrichen (Lieferbar: D6 Tropfen),,124332,4130596,7611916151637,B,405047,8x2070631
384,"Equisetum arvense, ethanol. Decoctum D6",Tropfen zum Einnehmen 50 ml,Lieferbar,,205376,5121694,7611916144691,FM / SL,,2069674
385,"Equisetum arvense, ethanol. Decoctum D15",Tropfen zum Einnehmen 50 ml,Lieferbar,,205378,5121719,7611916144714,FM / SL,,2069734
386,"Equisetum arvense, ethanol. Decoctum D30",Tropfen zum Einnehmen 50 ml,Lieferbar,,124861,5121671,7611916144738,FM / SL,,2069800
387,Equisetum arvense Silicea cultum Rh D3,Injektionslösung (s.c.) 8 Amp.,Lieferbar,,117035,7686733,7611916160004,B / SL,59594,8x2070631
388,Equisetum arvense Silicea cultum D2,Tropfen zum Einnehmen 50 ml,Lieferbar,,124939,5058168,7611916153938,D / SL,415329,2069674
389,Equisetum arvense D15 / Formica D10 aa,Tropfen zum Einnehmen 50 ml,Lieferbar,,124835,5121754,7611916144752,FM / SL,,2070370
390,Equisetum arvense D15 / Formica D10 aa,Injektionslösung 8 Amp.,Lieferbar,,104020,4130538,7611916108617,B / SL,406315,8x2070588
391,Equisetum cum Sulfure tostum D3,Pulver zum Einnehmen 50 g,Lieferbar,,124687,5058180,7611916139666,FM / nach ALT,,
392,Equisetum cum Sulfure tostum D6,Injektionslösung 8 Amp.,Lieferbar,,104028,4130917,7611916108693,B / SL,404630,8x2070631
393,Equisetum cum Sulfure tostum D6,Pulver zum Einnehmen 50 g,Lieferbar,,124523,5058197,7611916153440,D / -,415132,
394,Equisetum cum Sulfure tostum D12,Tropfen zum Einnehmen 50 ml,Lieferbar,,124788,5121725,7611916144783,FM / SL,,2069734
395,"Equisetum, Fermentatio cum Sero Lactis D3",Tropfen zum Einnehmen 50 ml,Lieferbar,,124387,5142495,7611916152313,FM / SL,,2070329
396,Equisetum limosum - Rubellit D6,Tropfen zum Einnehmen 50 ml,Lieferbar,,205387,5121783,7611916144806,FM / SL,,2069674
397,"Erkältungssalbe, Weleda",Salbe 25 g,Nicht lieferbar (Verlagerung zum Lohnhersteller),,5554,5872957,7680524680204,D / -,52468,
398,Eucalyptus comp.,Pulver zur Herstellung einer Gurgellösung 35 g,Lieferbar,,124972,6340062,7611916154393,D / SL,415320,2070269
399,Eucalyptus comp.,Umschlagpaste 100 g,Lieferbar,,100663,1036126,7611916161865,FM / nach ALT,,
400,Visiodoron Euphrasia®,Augentropfen 10 ml,Lieferbar,,5586,7836271,7680495370029,D / -,49537,
401,Visiodoron Euphrasia® Monodosen,Augentropfen 20×0.4 ml,Lieferbar,,5584,7836272,7680495370036,D / -,49537,
402,Euphrasia comp.,Augensalbe 5 g,Lieferbar,,1700,1865334,7611916000317,D / SL,59893,3794176
406,Ferrum citricum D10,Tropfen zum Einnehmen 50 ml,Lieferbar,,124863,5121866,7611916144882,FM / SL,,2069734
407,Ferrum hydroxydatum 5%,Pulver zum Einnehmen 50 g,Lieferbar,,124941,5058205,7611916153952,D / SL,59562,2069591
408,Ferrum hydroxydatum D6,Injektionslösung 8 st,Lieferbar,,105012,4131041,7611916108945,B / SL,59622,8x2070631
409,Ferrum - Quarz D1,Trituration 50 g,Gestrichen (Lieferbar: Biodoron 5% Tabletten),,124632,7735652,7611916159466,D / -,59629,
410,Ferrum - Quarz D3,Trituration 50 g,Gestrichen,,124539,5123173,7611916145209,D,59629,
411,Ferrum - Quarz D12,Trituration 50 g,Gestrichen,,124613,7678745,7611916158865,D,59629,
412,"Ferrum metallicum 0,4%",Salbe 23 g,Lieferbar,,100661,1035592,7611916161841,FM / nach ALT,,
413,Ferrum metallicum praeparatum D6,Pulver zum Einnehmen 50 g,Lieferbar,,124614,7717770,7611916158872,D / -,403716,
414,Ferrum metallicum praeparatum D8,Injektionslösung 8 Amp.,Lieferbar,,105005,1170230,7611916108822,B / SL,405046,8x2070631
415,Ferrum metallicum praeparatum D8,Tropfen zum Einnehmen 50 ml,Lieferbar,,124864,1034225,7611916162923,FM / SL,,2069674
417,Ferrum phosphoricum D6,Tabletten 50 g,Lieferbar,,124422,5122765,7611916152870,D / SL,414042,2069674
418,Ferrum phosphoricum D8,Injektionslösung 8 Amp.,Lieferbar,,105024,4131118,7611916109119,B / SL,405041,8x2070631
420,Ferrum phosphoricum comp.,Globuli 50 g,Lieferbar,,00124175,1136738,7611916164323,D / SL,418965,2070329
421,Ferrum pomatum Ø (= D1),Tropfen zum Einnehmen 50 ml,Lieferbar,,205953,5090083,7611916153631,FM / SL,,2069591
422,Ferrum praeparatum comp.,Tropfen zum Einnehmen 50 ml,Lieferbar,,206069,1003151,7611916162930,FM / SL,,2070370
423,Ferrum sesquichloratum D3,Tropfen zum Einnehmen 50 ml,Lieferbar,,124901,5122831,7611916145087,FM / SL,,2069674
424,Ferrum sidereum D6,Pulver zum Einnehmen 50 g,Lieferbar,,124615,7706772,7611916158889,D / -,59581,
425,Ferrum sidereum D10,Injektionslösung 8 Amp.,"Gestrichen (Lieferbar: D20 Ampullen, D10 Tropfen)",,105028,4131207,7611916109195,B,405120,8x2070654
426,Ferrum sidereum D10,Pulver zum Einnehmen 50 g,Lieferbar,,206045,1033389,7611916162695,FM / nach ALT,,
427,Ferrum sidereum D10,Tropfen zum Einnehmen 50 ml,Lieferbar,,205999,1034226,7611916161957,FM / SL,,2069734
428,Ferrum sidereum D20,Injektionslösung 8 Amp.,Wieder lieferbar,,105030,4130219,7611916109232,B / SL,405120,8x2070654
429,Ferrum sidereum D20,Tropfen zum Einnehmen 50 ml,Lieferbar,,124839,7842057,7611916161964,FM / SL,,2069734
430,Ferrum sidereum D20,Tabletten 50 g,Lieferbar,,124423,5058381,7611916152887,D / SL,414023,2069734
431,Ferrum sidereum D10 / Pankreas D6 aa,Injektionslösung 8 Amp.,Lieferbar,,105036,4131236,7611916109294,B / SL,404681,8x2070588
432,Ferrum sidereum D10 / Pankreas D6 aa,Tropfen zum Einnehmen 50 ml,Lieferbar,,124789,1030051,7611916162947,FM / SL,,2070370
433,Ferrum sidereum comp.,Injektionslösung 8 Amp.,Lieferbar,,105035,4131182,7611916109270,B / SL,404653,8x2070588
436,Ferrum ustum comp.,Pulver zum Einnehmen 50 g,Lieferbar,,124158,1136414,7611916164859,FM / nach ALT,,
437,"Fieberbläschen-Salbe, Weleda",Salbe 6.5 ml,Nicht lieferbar (Verlagerung zum Lohnhersteller),,4040,2943680,7680532650220,D / -,53265,
438,Flores Tritici comp.,Ampullen 8 st,Gestrichen,,105041,5313206,7611916109331,B,59628,8x2070588
439,Fluorit D6,Pulver zum Einnehmen 50 g,Lieferbar,,124701,1033467,7611916162718,FM / nach ALT,,
440,Formica 5%,Flüssigkeit zur Anwendung auf der Haut 100 ml,Lieferbar,,00124790,1865340,7611916045677,FM / SL,,2070128
441,Formica 5%,Crème 25 g,Lieferbar,,124981,7824342,7611916161094,FM / nach ALT,,
442,Formica D3,Injektionslösung (s.c.) 8 st,Lieferbar,,105046,4131087,7611916109416,B / SL,59896,8x2070631
443,Formica D3,Tropfen zum Einnehmen 50 ml,Lieferbar,,124811,1001353,7611916161971,FM / SL,,2069674
444,Formica D5,Tropfen zum Einnehmen 50 ml,Lieferbar,,206003,1034227,7611916161995,FM / SL,,2069674
445,Formica D6,Injektionslösung 8 st,Lieferbar,,105049,833852,7611916109478,B / SL,59896,8x2070631
446,Formica D6,Tropfen zum Einnehmen 50 ml,Lieferbar,,124165,1045184,7611916163289,D / SL,59897,2069674
447,Formica D12,Injektionslösung (s.c.) 8 st,Lieferbar,,105052,4131035,7611916109539,B / SL,59896,8x2070654
448,Formica D12,Tropfen zum Einnehmen 50 ml,Lieferbar,,124166,7854122,7611916163302,D / SL,59897,2069734
449,Formica D20,Ampullen 8 st,Gestrichen (Lieferbar: D12 und D30),,105054,4131064,7611916109577,B,59896,8x2070654
450,Formica D30,Tropfen zum Einnehmen 50 ml,Lieferbar,,206002,7844622,7611916161988,FM / SL,,2069800
451,"Formica 0,1% / Viscum Mali 5% / Antimonit D6 10%",Unguentum 30 ml,Gestrichen,,124553,7343648,7611916157769,,,2070482
452,Gelsemium / Bryonia comp.,Tropfen zum Einnehmen 50 ml,Lieferbar,,124865,7850421,7611916162503,FM / SL,,2070370
453,Gencydo® 5%,Injektionslösung (s.c.) 8 Amp.,Lieferbar,,3850,641331,7680183460926,B / SL,18346,
454,Gencydo® 3%,Injektionslösung (s.c.) 8 Amp.,Lieferbar,,3830,522017,7680183460902,B / SL,18346,
455,Gencydo® 1%,Injektionslösung (s.c.) 8 Amp.,Lieferbar,,3810,521992,7680183460889,B / SL,18346,
456,Gencydo® 1%,Nasenspray 20 ml,Lieferbar,,5662,2321116,7680553000042,D / -,55300,
457,Gentiana lutea Rh 5%,Tropfen zum Einnehmen 20 ml,Lieferbar,,106014,4131259,7611916109867,D / SL,404660,2069651
458,"Gentiana lutea, ethanol. Decoctum D1",Tropfen zum Einnehmen 50 ml,Lieferbar,,124425,5058441,7611916152900,D / SL,414910,2069674
459,"Gentiana lutea, ethanol. Decoctum D3",Tropfen zum Einnehmen 50 ml,Lieferbar,,124866,1034097,7611916162954,FM / SL,,2069674
460,"Geum urbanum, ethanol. Decoctum D1",Tropfen zum Einnehmen 50 ml,Lieferbar,,206004,7848103,7611916162008,FM / SL,,2069674
461,Geum urbanum Rh D3,Tropfen zum Einnehmen 20 ml,Lieferbar,,106016,4131271,7611916109898,D / SL,405222,2069651
462,Gnaphalium leontopodium D6,Tropfen zum Einnehmen 50 ml,Lieferbar,,124804,5117391,7611916145643,FM / SL,,2069674
464,Hamamelis destillata 10%,Salbe 25 g,"Gestrichen (Im Sortiment: Hamamelis, Folium 10% (zur Zeit nicht lieferbar))",,100614,7789497,7611916160332,D / SL,404166,2070140
465,Hamamelis comp.,Crème 25 g,Wieder lieferbar,,124990,1162171,7611916165481,D / SL,70172,2070482
466,"Hamamelis, ethanol. Decoctum D2",Tropfen zum Einnehmen 50 ml,Lieferbar,,205482,5118628,7611916145759,FM / SL,,2069674
467,"Hamamelis, Folium 10%",Crème 25 g,Lieferbar,,100662,1014213,7611916161858,FM / nach ALT,,
468,Hamamelis / Quercus comp.,Salbe 25 g,Gestrichen,,100635,7794262,7611916357657,D,417382,2070482
469,"Hämorrhoidal-Suppositorien, Weleda",Suppositorien 10 st,Lieferbar,,3920,523330,7680182860178,D / -,18286,
470,"Heilsalbe, Weleda",Crème 25 g,Wieder lieferbar,,5730,5868594,7680246580240,D / -,24658,
471,"Helleborus niger, Planta tota D3",Tropfen zum Einnehmen 50 ml,Lieferbar,,124764,5118663,7611916145780,FM / SL,,2069674
472,"Helleborus niger, Planta tota D6",Tropfen zum Einnehmen 50 ml,Lieferbar,,124765,5118686,7611916145797,FM / SL,,2069674
473,Hepar - Magnesium D4,Injektionslösung (s.c.) 8 st,Lieferbar,,107015,4131495,7611916110368,B / SL,59300,8x2070631
474,Hepar - Magnesium D4,Dilution 50 ml,Lieferbar,,124426,5058470,7611916152917,B / SL,414907,2069674
475,Hepar - Magnesium D10,Injektionslösung (i.v.) 5 Amp. à 10ml,Lieferbar,,107115,4131472,7611916110771,B / SL,60027,5x2070720
476,Hepar - Stannum D4,Injektionslösung 8 Amp.,Lieferbar,,107016,4131561,7611916110382,B / SL,60034,8x2070631
477,Hepar - Stannum D4,Tropfen zum Einnehmen 50 ml,Lieferbar,,124903,5118752,7611916145841,FM / SL,,2069674
478,Hepar Sulfuris D4,Pulver zum Einnehmen 50 g,Gestrichen,,124083,5058458,7611916139789,D,403932,
479,Hepar Sulfuris D6,Globuli 4 g,Gestrichen,,107100,1606928,7611916110740,D,412044,2069645
480,Hepatodoron®,Tabletten 200 st,Lieferbar,,3960,6963490,7680186040019,D / -,18604,
481,Hippophaës oleum 10%,Salbe 25 g,Lieferbar,,124994,1133416,7611916164743,FM / nach ALT,,
482,Hippophaës oleum 10%,Salbe 70 g,Lieferbar,,124995,1144073,7611916164750,FM / nach ALT,,
483,Humulus lupulus Ø (= 33%),Tropfen zum Einnehmen 50 ml,Lieferbar,,205492,5118775,7611916145858,FM / SL,,2069591
484,Humulus lupulus comp.,Tropfen zum Einnehmen 50 ml,Lieferbar,,124943,5118769,7611916153976,D / SL,415326,2070275
485,"Hustensirup, Weleda",Sirup 100 ml,Lieferbar,,5850,6389826,7680653420016,D / -,65342,
486,Hustentropfen Doron®,Tropfen 30 ml,Gestrichen,,5803,763399,7680273010109,D,27301,
487,"Hydrastis canadensis, ethanol. Decoctum D6",Tropfen zum Einnehmen 50 ml,Lieferbar,,205493,5118781,7611916145865,FM / SL,,2069674
488,"Hyoscyamus, Herba D3",Tropfen zum Einnehmen 50 ml,Lieferbar,,205966,7802481,7611916161193,FM / SL,,2069674
489,Hyoscyamus / Valeriana N,Tropfen zum Einnehmen 50 ml,Lieferbar,,125408,1104934,7611916161681,B / SL,68970,2070329
490,Hypericum flos 25%,Oel zur Anwendung auf der Haut 50 ml,Lieferbar,,124946,7103849,7611916154003,D / SL,59907,2070186
491,"Hypericum, Herba Ø (= 33%)",Dilution 50 ml,Gestrichen,,116057,5059251,7611916145933,,,2069591
492,"Hypericum, Herba D3",Dilution 50 ml,"Gestrichen (Lieferbar: Hypericum Auro cultum, Herba D2 und D3)",,205501,5119154,7611916145940,,,2069674
493,Hypericum Auro cultum Rh D2,Ampullen 8 st,Lieferbar,,100280,4131785,7611916103940,B / SL,59613,8x2070631
494,Hypericum Auro cultum herba D2,Tropfen zum Einnehmen 50 ml,Lieferbar,,124944,5059245,7611916153983,D / SL,415331,2069674
495,Hypericum Auro cultum herba D3,Tropfen zum Einnehmen 50 ml,Lieferbar,,124945,5119119,7611916153990,D / SL,415331,2069674
496,Hypophysis D6,Dilution 50 ml,Gestrichen,,205508,5119208,7611916146015,,,2069674
497,Infludoron® N,Globuli 10 g,Lieferbar,,4020,1138173,7680686820012,D / -,68682,
498,Infludo®,Tropfen zum Einnehmen 20 ml,Lieferbar,,4002,7767094,7680669100025,D / -,66910,
499,Infludo®,Tropfen zum Einnehmen 50 ml,Lieferbar,,4005,7767095,7680669100018,D / -,66910,
500,"Ipecacuanha, ethanol. Decoctum D4",Tropfen zum Einnehmen 50 ml,Lieferbar,,205514,5119303,7611916146077,FM / SL,,2069674
501,"Iris germanica, ethanol Decoctum D3",Tropfen zum Einnehmen 50 ml,Lieferbar,,205967,7812776,7611916161339,FM / SL,,2069674
502,Kalium aceticum comp. 1%,Crème 70 g,Lieferbar,,109013,4923948,7611916135750,FM / nach ALT,,
503,Kalium aceticum comp. D3,Pulver zum Einnehmen 50 g,Lieferbar,,124694,1019840,7611916162725,FM / nach ALT,,
504,Kalium aceticum comp. D6,Injektionslösung 8 Amp.,Lieferbar,,109001,4132081,7611916111006,B / SL,59991,8x2070565
505,Kalium aceticum comp. D6,Tropfen zum Einnehmen 50 ml,Lieferbar,,124766,5059274,7611916139840,FM / SL,,2070329
506,Kalium aceticum comp. D6,Pulver zum Einnehmen 50 g,Lieferbar,,124948,5123322,7611916154027,D / -,59524,
507,Kalium aceticum comp. D10,Tropfen zum Einnehmen 50 ml,Lieferbar,,124842,5123285,7611916146121,FM / SL,,2070329
508,Kalium carbonicum D6,Tropfen zum Einnehmen 50 ml,Lieferbar,,205525,5123374,7611916146183,FM / SL,,2069734
509,Kalium carbonicum D10,Tropfen zum Einnehmen 50 ml,Lieferbar,,205526,5123345,7611916146190,FM / SL,,2069734
510,Kalium phosphoricum comp.,Tabletten 50 g,Lieferbar,,124942,5059297,7611916153969,D / SL,59702,2070370
511,Kalium / Teucrium comp.,Tropfen zum Einnehmen 50 ml,Lieferbar,,205518,5123279,7611916146114,FM / SL,,2070329
512,Kalmia latifolia D2,Tropfen zum Einnehmen 50 ml,Lieferbar,,205960,7772899,7611916160677,FM / SL,,2069674
513,Kassiterit D6,Pulver zum Einnehmen 50 g,Lieferbar,,205535,5123581,7611916146282,FM / nach ALT,,
514,"Kupfer-Textil-Folie, ORBIS",,Lieferbar,,77730,7767326,7611916357794,,,
515,Lac Taraxaci D10 / Parmelia D10 aa,Tropfen zum Einnehmen 50 ml,Lieferbar,,124767,5124497,7611916146336,FM / SL,,2070370
516,Lachesis D6,Tropfen zum Einnehmen 50 ml,Lieferbar,,124879,5124557,7611916146343,FM / SL,,2069674
517,Lachesis D12,Injektionslösung 8 Amp.,Gestrichen (Lieferbar: Tropfen D12 und Ampullen D20),,110005,4132187,7611916111389,B,405042,8x2070654
518,Lachesis D12,Tropfen zum Einnehmen 50 ml,Lieferbar,,205958,7682735,7611916159985,FM / SL,,2069734
519,Lachesis D20,Injektionslösung 8 Amp.,Lieferbar,,110007,4132193,7611916111426,B / SL,405042,8x2070654
520,Ledum palustre D3,Tropfen zum Einnehmen 50 ml,Lieferbar,,124843,5123919,7611916146428,FM / SL,,2069674
521,Leonurus cardiaca D1,Tropfen zum Einnehmen 50 ml,Lieferbar,,124805,5123931,7611916146459,FM / SL,,2069674
522,Levico D1,Tropfen zum Einnehmen 50 ml,Lieferbar,,124950,6706244,7611916154041,D / SL,59506,2069674
523,Levico D3,Injektionslösung (s.c.) 8 Amp.,Lieferbar,,110023,4132247,7611916111587,B / SL,59989,8x2070631
524,Levico D3,Tropfen zum Einnehmen 50 ml,Lieferbar,,124951,5059469,7611916154058,D / SL,59506,2069674
525,"Levisticum, ethanol. Decoctum D3",Tropfen zum Einnehmen 50 ml,Lieferbar,,124898,7837487,7611916162084,FM / SL,,2069674
526,Levisticum Rh D3,Tropfen zum Einnehmen 20 ml,Lieferbar,,110031,1366855,7611916111662,D / SL,404626,2069651
527,"Levisticum, ethanol. Decoctum D3",Globuli 4 g,Lieferbar,,100395,1127079,7611916164163,FM / SL,,2069645
528,Levisticum H 10%,Ohrentropfen 10 ml,Lieferbar,,115026,7808559,7611916161223,FM / nach ALT,,
529,Lichenes comp.,Sirup 100 ml,Lieferbar,,124921,1166331,7611916164811,D / -,59298,
530,Lobelia comp.,Injektionslösung 8 Amp.,Gestrichen (Lieferbar: als Dilution),,110036,4132276,7611916111679,B,59988,8x2070565
531,Lobelia comp.,Tropfen zum Einnehmen 50 ml,Lieferbar,,124172,1109608,7611916163746,D / SL,418547,2070329
532,Lycopodium D6,Tropfen zum Einnehmen 50 ml,Lieferbar,,205563,5124847,7611916146565,FM / SL,,2069674
533,Magnesit 5%,Pulver zum Einnehmen 50 g,Lieferbar,,124744,1001347,7611916162732,FM / SL,,2069591
535,Magnesium phosphoricum D6,Tabletten 50 g,Lieferbar,,124524,5059386,7611916153457,D / SL,415134,2069674
536,Magnesium phosphoricum acidum D4,Tropfen zum Einnehmen 50 ml,Gestrichen (Lieferbar: D6),,205962,7772901,7611916160479,,,2069674
537,Magnesium phosphoricum acidum D6,Injektionslösung 8 Amp.,Lieferbar,,111002,4134217,7611916111990,B / SL,59598,8x2070631
538,Magnesium phosphoricum acidum D6,Tropfen zum Einnehmen 50 ml,Lieferbar,,124173,7854123,7611916163739,D / SL,418449,2069674
539,Magnesium phosphoricum acidum / Tabacum,Injektionslösung (s.c.) 8 Amp.,Lieferbar,,111004,4134200,7611916112010,B / SL,404610,8x2070588
540,Majorana 10%,Crème 25 g,Gestrichen (Majorana / Melissa Vaginaltbl. lieferbar),,111019,7824343,7611916161483,FM / nach ALT,,
541,Majorana / Melissa,Vaginaltabletten 10 st,Lieferbar,,124533,5059392,7611916153594,D / SL,404661,10x2070559
542,Malachit D4,Pulver zum Einnehmen 50 g,Lieferbar,,205581,5124936,7611916146749,FM / nach ALT,,
543,Malachit D6,Pulver zum Einnehmen 50 g,Lieferbar,,205582,5124959,7611916146756,FM / nach ALT,,
544,Mandragora 5%,Crème 25 g,Lieferbar,,100586,7824344,7611916161490,FM / nach ALT,,
545,"Mandragora, ethanol. Decoctum D3",Tropfen zum Einnehmen 50 ml,Lieferbar,,205584,5124971,7611916146770,FM / SL,,2069674
546,"Mandragora, ethanol. Decoctum D6",Tropfen zum Einnehmen 50 ml,Lieferbar,,205586,5125545,7611916146794,FM / SL,,2069674
547,Mandragora comp.,Injektionslösung (s.c.) 8 Amp.,Lieferbar,,111027,4134588,7611916112188,B / SL,59987,8x2070588
548,Mandragora comp.,Tropfen zum Einnehmen 50 ml,Lieferbar,,124952,5059417,7611916154065,D / SL,59525,2070370
549,Marmor D6 / Stibium D6 aa,Injektionslösung 8 Amp.,Lieferbar,,111030,4134602,7611916112249,B / SL,59986,8x2070565
550,Marmor D6 / Stibium D6 aa,Pulver zum Einnehmen 50 g,Lieferbar,,124431,5059423,7611916152962,D / -,414043,
551,Melissa Cupro culta D2,Tropfen zum Einnehmen 50 ml,Lieferbar,,124953,5059446,7611916154072,D / SL,415324,2069674
552,Melissa Cupro culta Rh D2,Ampullen 8 st,Gestrichen (Lieferbar: Tropfen zum Einnehmen),,124315,4134631,7611916151460,B,59723,8x2070631
553,Mercurialis perennis 20%,Flüssigkeit zur Anwendung auf der Haut 20 ml,Lieferbar,,124258,7226109,7611916155864,D / SL,416460,2070111
554,Mercurialis perennis 20%,Flüssigkeit zur Anwendung auf der Haut 100 ml,Lieferbar,,111068,7262068,7611916155871,D / SL,416460,2070128
555,Mercurialis perennis 10%,Crème 25 g,Lieferbar,,124989,4572851,7611916136238,D / SL,411837,2070140
556,Mercurialis perennis D3,Augentropfen 10 ml,Lieferbar,,117240,7256398,7611916157172,D / -,59633,
557,Mercurius auratus D8,Pulver zum Einnehmen 50 g,Lieferbar,,124724,5773824,7611916153617,FM / nach ALT,,
558,Mercurius auratus D15,Injektionslösung 8 Amp.,Lieferbar,,124275,4134677,7611916151057,B / SL,404612,8x2070654
559,Mercurius cyanatus D6,Dilution 50 ml,Gestrichen,,124583,7717853,7611916158568,B,59722,2069674
561,Mercurius vivus naturalis D6,Injektionslösung (s.c.) 8 Amp.,Lieferbar,,111058,4137931,7611916112546,B / SL,59614,8x2070631
562,Mercurius vivus naturalis D6,Tabletten 50 g,Lieferbar,,124504,5059587,7611916153242,B / SL,59756,2069674
563,Mercurius vivus naturalis D10,Tropfen zum Einnehmen 50 ml,Lieferbar,,205600,5125700,7611916146930,FM / SL,,2069734
564,Mercurius vivus naturalis D15,Tropfen zum Einnehmen 50 ml,Lieferbar,,124869,5125746,7611916146954,FM / SL,,2069734
565,Mercurius vivus naturalis D30,Injektionslösung (s.c.) 8 Amp.,Lieferbar,,124291,4137919,7611916151224,B / SL,59614,8x2070677
566,Mercurius vivus naturalis D30,Tropfen zum Einnehmen 50 ml,Lieferbar,,205604,5125769,7611916146978,FM / SL,,2069800
567,Mesurette / Messlöffel,,Lieferbar,,9969,,,,,
569,Mezereum D4,Tropfen zum Einnehmen 50 ml,Lieferbar,,205607,5125806,7611916147005,FM / SL,,2069674
570,Millefolium (Herba) 10%,Crème 25 g,Lieferbar,,100314,5034044,7611916137457,FM / nach ALT,,
571,Minium D6,Pulver zum Einnehmen 50 g,Lieferbar,,124695,5125858,7611916147050,FM / nach ALT,,
572,Mixtura Stanni comp.,Tropfen zum Einnehmen 50 ml,Lieferbar,,125409,1035849,7611916162541,FM / SL,,2070329
573,Mucilago Levistici D3,Tropfen zum Einnehmen 50 ml,Lieferbar,,205615,5125870,7611916147081,FM / SL,,2069674
574,Myrrha comp. D8,Tropfen zum Einnehmen 50 ml,Lieferbar,,124813,1034257,7611916162978,FM / SL,,2070329
575,Myrrha comp. D10,Tropfen zum Einnehmen 50 ml,Lieferbar,,206072,1034098,7611916162961,FM / SL,,2070370
576,Naja comp.,Injektionslösung 8 Amp.,Lieferbar,,112003,4141588,7611916112874,B / SL,404635,8x2070602
577,Nasturtium Mercurio cultum 1%,Tropfen zum Einnehmen 50 ml,Lieferbar,,205622,5126421,7611916147159,FM / SL,,2069591
580,Neurodoron®,Tabletten 80 st,Lieferbar,,4030,6682236,7680621890032,D / -,62189,
581,Neurodoron®,Tabletten 200 st,Lieferbar,,4032,6682242,7680621890049,D / -,62189,
582,Nontronit D6,Pulver zum Einnehmen 50 g,Lieferbar,,205625,5136081,7611916147180,FM / nach ALT,,
583,Nontronit D12,Pulver zum Einnehmen 50 g,Gestrichen (Lieferbar: D15),,205626,5126438,7611916147197,,,
584,Nontronit D15,Injektionslösung (s.c.) 8 Amp.,Lieferbar,,124272,4141594,7611916151026,B / SL,59973,8x2070654
585,Nux vomica D3,Tropfen zum Einnehmen 50 ml,Lieferbar,,205627,5136112,7611916147203,FM / SL,,2069674
586,Nux vomica D4,Injektionslösung 8 Amp.,Lieferbar,,112028,4141631,7611916113154,B / SL,59757,8x2070631
587,Nux vomica D6,Globuli 4 g,Lieferbar,,100396,1119595,7611916164170,FM / SL,,2069645
588,Nux vomica D6,Tropfen zum Einnehmen 50 ml,Lieferbar,,206029,1008646,7611916162510,FM / SL,,2069674
589,Nux vomica comp.,Tropfen zum Einnehmen 50 ml,Lieferbar,,124502,5059593,7611916153532,D / SL,414912,2070329
590,"Oenothera biennis Argento culta 0,1%",Tropfen zum Einnehmen 50 ml,Lieferbar,,124794,5142503,7611916152320,FM / SL,,2069591
591,Oleum aethereum Lavandulae 10%,Oleum 50 ml,Lieferbar,,124507,5060969,7611916153280,D / SL,415129,2070186
592,Oleum aethereum Rosmarini 10%,Oleum 50 ml,Lieferbar,,124506,5060975,7611916153273,D / SL,415140,2070186
593,Oleum Strophanthi 125 mg,Kapseln 100 st,Gestrichen,,124960,5773818,7611916154324,B,59844,
594,Olibanum comp.,Tropfen zum Einnehmen 20 ml,Lieferbar,,124174,1102051,7611916163715,D / SL,418525,2070401
595,Olibanum comp.,Injektionslösung 8 Amp.,Nicht lieferbar (Tropfen zum einnehmen lieferbar),,113019,4145824,7611916113314,B / SL,59616,8x2070602
596,Olivenit D6,Pulver zum Einnehmen 50 g,Lieferbar,,124617,7720128,7611916158902,D / -,403721,
597,Olivenit D8,Tropfen zum Einnehmen 50 ml,Lieferbar,,124765,5138329,7611916147265,FM / SL,,2069674
598,Olivenit D10,Tropfen zum Einnehmen 50 ml,Lieferbar,,205634,5136141,7611916147272,FM / SL,,2069734
599,Onopordon comp. digestio aquos 5%,Injektionslösung (s.c.) 8 Amp.,Lieferbar,,113027,4145907,7611916125423,B / SL,59539,8x2070565
600,Onopordon comp. 5% Digestio ethanolica,Tropfen zum Einnehmen 50 ml,Lieferbar,,124454,7812585,7611916357916,D / SL,67325,2070275
601,Onopordon comp. digestio aquos 1%,Injektionslösung (s.c.) 8 Amp.,Lieferbar,,113028,4145899,7611916125430,B / SL,59539,8x2070565
602,"Onopordon comp. digestio aquos 0,1%",Injektionslösung (s.c.) 8 Amp.,Lieferbar,,113029,4145876,7611916125447,B / SL,59539,8x2070565
603,Onopordon comp. Rh,Tabletten 50 g,Lieferbar,,124968,5138341,7611916155666,D / SL,59577,2070329
604,Onyx D20,Pulver zum Einnehmen 50 g,Lieferbar,,124726,5138401,7611916147371,FM / nach ALT,,
605,"Orthoklas 0,1%",Flüssigkeit zur Anwendung auf der Haut 100 ml,Lieferbar,,202984,5157999,7611916066788,FM / SL,,2070128
606,"Oxalis, Folium 30%",Crème 25 g,Lieferbar,,100654,7842047,7611916161728,FM / nach ALT,,
607,Oxalis folium 20%,Flüssigkeit zur Anwendung auf der Haut 100 ml,Lieferbar,,124515,4145965,7611916153365,D / SL,415126,2070128
608,Oxalis folium 10%,Crème 25 g,Wieder lieferbar,,100648,1166330,7611916165368,D / SL,419688,2070140
609,"Oxalis, Folium Rh D3",Ampullen 8 st,Gestrichen (Lieferbar: Tropfen D3 und D6),,113038,4146060,7611916113598,B,59758,8x2070631
610,"Oxalis, Folium D3",Tropfen zum Einnehmen 50 ml,Lieferbar,,205650,5138097,7611916147432,FM / SL,,2069674
611,"Oxalis, Folium D6",Tropfen zum Einnehmen 50 ml,Lieferbar,,205651,5138105,7611916147449,FM / SL,,2069674
612,Oxalis comp.,Tropfen zum Einnehmen 50 ml,Lieferbar,,124157,1001354,7611916161735,B / SL,59064,2070329
613,Oxalis comp.,Injektionslösung 8 Amp.,Lieferbar,,113049,4145913,7611916113710,B / SL,59299,8x2070565
614,Pankreas D6,Tropfen zum Einnehmen 50 ml,Lieferbar,,124870,5138217,7611916147487,FM / SL,,2069674
615,Passiflora incarnata comp.,Tropfen zum Einnehmen 50 ml,Lieferbar,,124955,5060998,7611916154096,D / SL,415322,2070275
616,Pertudoron®,Tropfen zum Einnehmen 20 ml,Wieder lieferbar,,4560,7767098,7680174970014,D / -,17497,
617,"Phosphorus 0,1%",Oel zur Anwendung auf der Haut 10 ml,Lieferbar,,124956,,7611916154102,FM / nach ALT,,
618,Phosphorus D5,Tropfen zum Einnehmen 20 ml,Lieferbar,,124167,1138138,7611916163319,B / SL,59617,2069651
619,Phosphorus D6,Tropfen zum Einnehmen 20 ml,Lieferbar,,124168,1132714,7611916163326,D / SL,59617,2069651
620,Phosphorus D8,Injektionslösung 8 Amp.,Gestrichen (Lieferbar: Tropfen D8),,114018,4146195,7611916113895,B,404608,8x2070631
621,Phosphorus D8,Tropfen zum Einnehmen 50 ml,Lieferbar,,206078,1034093,7611916163029,FM / SL,,2069674
622,Phosphorus D20,Injektionslösung 8 Amp.,Gestrichen (Lieferbar: D25 Dilution),,124288,4146120,7611916151194,B,404608,8x2070654
623,Phosphorus D25,Tropfen zum Einnehmen 50 ml,Lieferbar,,206074,1034100,7611916162985,FM / SL,,2069734
624,Phosphorus D30,Tropfen zum Einnehmen 50 ml,Lieferbar,,206076,1034102,7611916163005,FM / SL,,2069800
625,Phosphorus D5 / Tartarus stibiatus D3,Tropfen zum Einnehmen 20 ml,Lieferbar,,124161,1002431,7611916162169,B / SL,59508,2070306
626,Phosphorus D5 / Tartarus stibiatus D3,Globuli 4 g,Gestrichen (Lieferbar: Tropfen),,114190,1607158,7611916114724,D,414836,2070298
627,Phosphorus D6 / Malva 5%,Tropfen zum Einnehmen 50 ml,Lieferbar,,124814,1034092,7611916163012,FM / SL,,2069591
628,Phosphorus D25 / Malva 5%,Tropfen zum Einnehmen 50 ml,Lieferbar,,124432,5061006,7611916152979,D / SL,414901,2070370
629,Phosphorus D25 / Sulfur D25 aa,Tropfen zum Einnehmen 50 ml,Lieferbar,,206075,1034101,7611916162992,FM / SL,,2070370
630,Plantago lanceolata 10%,Crème 25 g,Lieferbar,,100656,1008658,7611916161773,FM / nach ALT,,
631,Plantago comp.,Salbe 25 g,Nicht lieferbar (Plantago lanceolata 10% Crème lieferbar.),,2414,5034133,7611916150852,D / SL,411441,2070482
632,Plantago - Primula cum Hyoscyamo,Tropfen zum Einnehmen 50 ml,Lieferbar,,205680,5130121,7611916147739,FM / SL,,2070275
633,Plumbum mellitum D12,Tabletten 50 g,Lieferbar,,124433,5061041,7611916152986,D / SL,417121,2069734
634,Plumbum mellitum D12,Tropfen zum Einnehmen 50 ml,Lieferbar,,124909,1035586,7611916163821,FM / SL,,2069734
635,Plumbum mellitum D20,Injektionslösung 8 Amp.,Lieferbar,,124285,4146255,7611916151163,B / SL,404621,8x2070654
636,Plumbum mellitum D20,Tropfen zum Einnehmen 50 ml,Lieferbar,,124796,1030877,7611916163036,FM / SL,,2069734
637,Plumbum mellitum D30,Tropfen zum Einnehmen 50 ml,Lieferbar,,205687,5145329,7611916147807,FM / SL,,2069800
638,"Plumbum metallicum 0,4%",Salbe 23 g,Lieferbar,,100399,1146315,7611916164538,FM / nach ALT,,
639,Plumbum metallicum praeparatum D6,Pulver zum Einnehmen 50 g,Lieferbar,,124618,7701007,7611916158919,D / -,404143,
640,Plumbum metallicum praeparatum D10,Injektionslösung 8 Amp.,Gestrichen (Lieferbar: D30 Ampullen und D6 oder D20 Tropfen),,114041,970508,7611916114052,B,405045,8x2070654
641,Plumbum metallicum praeparatum D20,Tropfen zum Einnehmen 50 ml,Lieferbar,,205696,5145387,7611916147890,FM / SL,,2069734
642,Plumbum metallicum praeparatum D20,Injektionslösung 8 Amp.,Gestrichen (Lieferbar: D30 Ampullen und D20 Tropfen),,124365,4146367,7611916151958,B,405045,8x2070654
643,Plumbum metallicum praeparatum D30,Injektionslösung 8 Amp.,Lieferbar,,124280,4146373,7611916151101,B / SL,405045,8x2070677
644,Plumbum / Stannum,Pulver zum Einnehmen 50 g,Lieferbar,,124741,1183476,7611916164378,FM / SL,,
645,Plumbum silicicum D6,Pulver zum Einnehmen 50 g,Lieferbar,,124727,1033468,7611916162749,FM / nach ALT,,
646,Plumbum silicicum D20,Injektionslösung 8 Amp.,Lieferbar,,114060,5313235,7611916114274,B / SL,404617,8x2070654
647,Plumbum silicicum D20,Tropfen zum Einnehmen 50 ml,Lieferbar,,124797,1035587,7611916163838,FM / SL,,2069734
648,Polygonatum officinale 5%,Crème 25 g,Lieferbar,,124471,1185038,7611916165375,B / SL,419487,2070140
654,Primula Auro culta Rh D3,Tropfen zum Einnehmen 20 ml,Lieferbar,,124674,7811772,7611916160257,B / SL,417626,2069651
655,Primula / Onopordon cum Hyoscyamo,Tropfen zum Einnehmen 50 ml,Lieferbar,,205968,7821536,7611916161544,FM / SL,,2070275
656,"Prunus spinosa, Fructus Ø (= 33%)",Tropfen zum Einnehmen 50 ml,Lieferbar,,205710,5155374,7611916148033,FM / SL,,2069591
657,Prunus spinosa Summitates Ø (= 33%),Tropfen zum Einnehmen 50 ml,Lieferbar,,206081,1034095,7611916163050,FM / SL,,2069591
658,Prunus spinosa Summitates D1,Tropfen zum Einnehmen 50 ml,Lieferbar,,205714,5155397,7611916148071,FM / SL,,2069674
659,"Prunus spinosa, Summitates Rh D3",Injektionslösung (s.c.) 8 Amp.,Lieferbar,,114070,4109679,7611916114359,B / SL,59504,8x2070631
660,Prunus spinosa Summitates D3,Tropfen zum Einnehmen 50 ml,Lieferbar,,206080,1034094,7611916163043,FM / SL,,2069674
661,"Prunus spinosa, Summitates D8",Augentropfen 10 ml,Lieferbar,,117241,7267812,7611916157097,D / -,59620,
662,Pulsatilla vulgaris D6,Dilution 50 ml,Gestrichen,,124121,5061070,7611916140198,,,2069674
663,Pyrit D6,Pulver zum Einnehmen 50 g,Lieferbar,,205724,5156244,7611916148170,FM / nach ALT,,
664,Pyrit / Zinnober,Tabletten 50 g,Lieferbar,,124435,5155517,7611916153006,B / SL,414038,2070370
665,Pyromorphit D8,Injektionslösung 8 Amp.,Lieferbar,,114100,1282495,7611916114632,B / SL,404680,8x2070631
666,Quarz 50%,Pulver zum Einnehmen 50 g,Lieferbar,,205983,7837396,7611916162107,FM / SL,,2069591
667,Quarz 1%,Oel zur Anwendung auf der Haut 10 ml,Lieferbar,,115015,774931,7611916120947,FM / nach ALT,,
668,Quarz D4,Pulver zum Einnehmen 50 g,Lieferbar,,124731,7848106,7611916162756,FM / nach ALT,,
669,Quarz D6,Ampullen 8 st,Gestrichen (Lieferbar: Pulver D6),,124325,4110004,7611916151569,B / nach ALT,404639,8x2070631
670,Quarz D6,Pulver zum Einnehmen 50 g,Lieferbar,,124702,7830889,7611916161711,FM / nach ALT,,
671,Quarz D8,Augentropfen 10 ml,Lieferbar,,117242,7735973,7611916157110,D / -,406312,
672,Quarz D10,Tropfen zum Einnehmen 50 ml,Lieferbar,,124847,5156296,7611916148231,FM / SL,,2069734
673,Quarz D12,Tropfen zum Einnehmen 50 ml,Lieferbar,,205731,5156310,7611916148248,FM / SL,,2069734
674,Quarz D12,Injektionslösung 8 Amp.,Gestrichen (Lieferbar: Pulver D12 und Tropfen D12),,115003,4109811,7611916114885,B,404639,8x2070654
675,Quarz D12,Pulver zum Einnehmen 50 g,Lieferbar,,124437,5064329,7611916153020,D / -,414027,
676,Quarz D20,Tropfen zum Einnehmen 50 ml,Lieferbar,,124910,5156333,7611916148262,FM / SL,,2069734
677,Quarz D20,Injektionslösung 8 Amp.,Gestrichen (Lieferbar: Pulver D12 und Tropfen D12),,115004,4109917,7611916114908,B,404639,8x2070654
678,Quarz D20,Pulver zum Einnehmen 50 g,Lieferbar,,205984,1034114,7611916125591,FM / nach ALT,,
679,Quarz D30,Injektionslösung 8 Amp.,Lieferbar,,115005,4109969,7611916114922,B / SL,404639,8x2070677
680,Quarz D30,Tropfen zum Einnehmen 50 ml,Lieferbar,,205734,5156988,7611916148279,FM / SL,,2069800
681,Quarz D30,Pulver zum Einnehmen 50 g,Lieferbar,,205985,1008650,7611916125607,FM / nach ALT,,
682,Quarz D60,Injektionslösung 8 Amp.,Lieferbar,,124327,4134714,7611916151583,B / SL,404639,8x2070677
683,"Quercus, ethanol. Decoctum 20%",Flüssigkeit zur Anwendung auf der Haut 100 ml,Lieferbar,,124754,7735265,7611916159800,FM / SL,,2070128
684,"Quercus, ethanol. Decoctum 5%",Crème 25 g,Lieferbar,,100636,7819765,7611916161070,FM / nach ALT,,
685,"Quercus, ethanol. Decoctum Ø (= D1)",Tropfen zum Einnehmen 50 ml,Lieferbar,,124440,5064364,7611916153051,D / SL,414905,2069591
686,Ratanhia comp.,Flüssigkeit zur Anwendung in der Mundhöhle 20 ml,Lieferbar,,116002,4134789,7611916005251,D / SL,60032,2070453
687,"Rauwolfia serpentina, ethanol. Decoctum D1",Tropfen zum Einnehmen 50 ml,Lieferbar,,124770,1035850,7611916163920,FM / SL,,2069591
688,"Rauwolfia serpentina, ethanol. Decoctum D3",Tropfen zum Einnehmen 50 ml,Lieferbar,,124169,1101431,7611916163340,B / SL,59738,2069674
689,Realgar D10,Injektionslösung 8 Amp.,Lieferbar,,116046,1325081,7611916115417,B / SL,404662,8x2070654
690,Realgar D10,Pulver zum Einnehmen 50 g,Lieferbar,,124732,5135911,7611916148408,FM / nach ALT,,
691,Realgar D30,Injektionslösung 8 Amp.,Lieferbar,,116004,4134803,7611916115059,B / SL,404662,8x2070677
692,Resina Laricis D3,Tropfen zum Einnehmen 50 ml,Lieferbar,,205748,5135934,7611916148415,FM / SL,,2069674
693,Resina Laricis comp.,Crème 23 g,Lieferbar,,124983,7808906,7611916161117,FM / nach ALT,,
694,Retina D10,Injektionslösung 8 Amp.,Lieferbar,,116021,4137457,7611916115189,B / SL,404673,8x2070654
695,Retina D10,Tropfen zum Einnehmen 50 ml,Lieferbar,,205751,5135957,7611916148446,FM / SL,,2069734
696,"Rheum rhaponticum 0,6%",Crème 30 ml,Lieferbar,,116060,7759080,7611916160233,FM / nach ALT,,
697,"Rheum rhaponticum 0,4%",Crème 30 ml,Lieferbar,,116011,5035204,7611916153228,FM / nach ALT,,
698,"Rheum rhaponticum 0,4% (3g)",Vaginalzäpfchen 10 st,Lieferbar,,124549,5984863,7611916154218,FM / nach ALT,,
699,Rheum rhaponticum D2,Crème 30 ml,Lieferbar,,116047,4137486,7611916124211,FM / nach ALT,,
700,Rhinodoron®,Nasenspray mit Aloe vera 20 ml,Lieferbar,,9705,7784273,4001638065085,MD / -,,
701,Rhus toxicodendron 5%,Crème 25 g,Lieferbar,,124982,7838663,7611916161100,FM / nach ALT,,
702,Rhus toxicodendron D6,Tropfen zum Einnehmen 50 ml,Lieferbar,,206032,5064393,7611916140297,FM / SL,,2069674
703,Rhus toxicodendron D6,Globuli 4 g,Lieferbar,,100397,1121264,7611916164187,FM / SL,,2069645
704,Rhus toxicodendron D6,Injektionslösung 8 Amp.,Lieferbar,,116024,4137747,7611916115240,B / SL,59632,8x2070631
705,Rhus toxicodendron D12,Tropfen zum Einnehmen 50 ml,Lieferbar,,205754,5135986,7611916148477,FM / SL,,2069734
706,Rhus toxicodendron D30,Injektionslösung 8 Amp.,Lieferbar,,116026,4137730,7611916115288,B / SL,59632,8x2070677
707,Rosmarini aetheroleum 10%,Crème 25 g,Wieder lieferbar,,124470,1162582,7611916165115,D,419365,2070140
708,Rosmarinus recens D3,Tropfen zum Einnehmen 50 ml,Gestrichen,,124660,7765292,7611916159534,D,403684,2069674
709,"Rosmarinus, Infusum D4",Injektionslösung 8 Amp.,Lieferbar,,124328,5313554,7611916151590,B / SL,59571,8x2070631
710,Rubellit D10,Tropfen zum Einnehmen 50 ml,Lieferbar,,205986,7837479,7611916161919,FM / SL,,2069734
711,Ruta graveolens 10%,Crème 25 g,Lieferbar,,116044,7837817,7611916161551,FM / nach ALT,,
712,Ruta graveolens D3,Tropfen zum Einnehmen 50 ml,Lieferbar,,205766,5139257,7611916148590,FM / SL,,2069674
713,Ruta graveolens D6,Tropfen zum Einnehmen 50 ml,Lieferbar,,205767,5139263,7611916148606,FM / SL,,2069674
714,"Sambucus nigra, Flos, ethanol. Infusum D3",Globuli 4 g,Gestrichen,,117190,1607276,7611916116889,D,414838,2069645
715,"Schnupfencrème, Weleda",Salbe 6.5 ml,Nicht lieferbar (Verlagerung zum Lohnhersteller),,6400,930874,7680092320366,D / -,09232,
716,Scilla comp.,Tropfen zum Einnehmen 50 ml,Nicht lieferbar,,205965,7795369,7611916161186,FM / SL,,2070329
717,Sepia comp.,Tropfen zum Einnehmen 50 ml,Lieferbar,,124441,5064401,7611916153068,D / SL,415020,2070329
718,Siderit D6,Pulver zum Einnehmen 50 g,Lieferbar,,124696,1019839,7611916162763,FM / nach ALT,,
719,"Silber-Textil-Folie, ORBIS",,Lieferbar,,77720,7767325,7611916357787,,,
720,Silex-Lapis Cancri solutus D6,Tropfen zum Einnehmen 50 ml,Lieferbar,,124443,4137859,7611916153075,D / SL,414024,2069674
721,Silex-Lapis Cancri solutus D15,Tropfen zum Einnehmen 50 ml,Lieferbar,,124913,1034096,7611916163067,FM / SL,,2069734
725,Sinudoron®,Dilution 50 ml,Gestrichen (Weiterhin verfügbar als zugelassenes Arzneimittel ohne Indikation Argentum / Berberis comp.),,6300,6121785,7680631470019,D,63147,
726,Skorodit D6,Pulver zum Einnehmen 50 g,Lieferbar,,124703,1033469,7611916162770,FM / nach ALT,,
727,Skorodit D8,Injektionslösung 8 Amp.,Lieferbar,,117027,4137902,7611916115769,B / SL,405044,8x2070631
728,Skorodit D10,Tropfen zum Einnehmen 50 ml,Lieferbar,,124914,5140906,7611916148897,FM / SL,,2069734
729,Skorodit D20,Tropfen zum Einnehmen 50 ml,Lieferbar,,205798,5143046,7611916148910,FM / SL,,2069734
730,Skorodit D30,Injektionslösung 8 Amp.,Lieferbar,,117030,4137888,7611916115820,B / SL,405044,8x2070677
731,Solutio alkalina 5%,Tropfen zum Einnehmen 20 ml,Lieferbar,,2704,5158007,7611916136504,D / SL,59621,2069651
732,Solutio Ferri comp. D3,Tropfen zum Einnehmen 50 ml,Lieferbar,,124457,1048185,7611916163524,D / SL,418386,2070329
733,Solutio Ferri comp. D6,Tropfen zum Einnehmen 50 ml,Gestrichen (Lieferbar: D3),,124591,7717936,7611916158643,D,404066,2070329
734,Solutio Sacchari comp. D3,,,Compositio Mineralis cum Saccharo D3,,,,,,
735,Solutio Siliceae comp. D3,Tropfen zum Einnehmen 50 ml,Lieferbar,,205815,5152223,7611916149085,FM / SL,,2070329
736,Solutio Siliceae comp. D6,Injektionslösung 8 Amp.,Lieferbar,,124331,4107290,7611916151620,B / SL,404632,8x2070565
737,Solutio Siliceae comp. D6,Tropfen zum Einnehmen 50 ml,Lieferbar,,124798,1034253,7611916163081,FM / SL,,2070329
738,Solutio Siliceae comp. D15,Injektionslösung 8 Amp.,Lieferbar,,124295,4107284,7611916151262,B / SL,404632,8x2070588
739,Solutio Siliceae comp. D15,Tropfen zum Einnehmen 50 ml,Lieferbar,,124915,1034252,7611916163074,FM / SL,,2070370
740,Stannum mellitum D20,Pulver zum Einnehmen 50 g,Lieferbar,,124733,1033470,7611916162787,FM / nach ALT,,
741,Stannum metallicum 5%,Salbe 23 g,Lieferbar,,124178,1170120,7611916166693,FM / ALT,,
742,"Stannum metallicum 0,4%",Crème 25 g,Lieferbar,,124004,1153194,7611916165689,FM / nach ALT,,
743,"Stannum metallicum 0,4%",Crème 70 g,"Gestrichen (ORBIS Zinn-Textil-Folie verfügbar (Gebrauchsgegenstand, Pharmacode 7767327)))",,100633,7301963,7611916157226,D / SL,59831,2070157
744,Stannum metallicum praeparatum D8,Injektionslösung 8 Amp.,Lieferbar,,117054,4107396,7611916116124,B / SL,404613,8x2070631
745,Stannum metallicum praeparatum D8,Augentropfen 10 ml,Lieferbar,,117244,7478472,7611916157158,D / -,406303,
746,Stannum metallicum praeparatum D8,Tropfen zum Einnehmen 50 ml,Lieferbar,,124916,5139837,7611916149269,FM / SL,,2069674
747,Stannum metallicum praeparatum D8,Pulver zum Einnehmen 50 g,Lieferbar,,124736,7826084,7611916161698,FM / nach ALT,,
748,Stannum metallicum praeparatum D10,Injektionslösung 8 Amp.,Gestrichen (Lieferbar: D8),,124276,4107350,7611916151064,B / SL,404613,8x2070654
749,Stannum metallicum praeparatum D10,Tropfen zum Einnehmen 50 ml,Lieferbar,,205834,5153808,7611916149276,FM / SL,,2069734
750,Stannum metallicum praeparatum D12,Pulver zum Einnehmen 50 g,Lieferbar,,124734,1033471,7611916162794,FM / nach ALT,,
751,Stannum metallicum praeparatum D20,Pulver zum Einnehmen 50 g,Lieferbar,,124735,1033472,7611916162800,FM / nach ALT,,
752,Stannum metallicum praeparatum D30,Injektionslösung 8 Amp.,Lieferbar,,124296,4107373,7611916151279,B / SL,404613,8x2070677
753,Stannum metallicum praeparatum D8 / Succinum D8 aa,Augentropfen 10 ml,Wieder lieferbar,,117243,7722908,7611916157127,D / -,59976,
754,Stannum comp.,Pulver zum Einnehmen 50 g,Lieferbar,,124445,5065576,7611916153099,D / -,414020,
758,Stibium arsenicosum D6,Pulver zum Einnehmen 50 g,Lieferbar,,124627,7717830,7611916159008,D / -,403914,
759,Stibium arsenicosum D8,Injektionslösung 8 Amp.,Lieferbar,,117101,4107491,7611916116575,B / SL,404671,8x2070631
760,Stibium arsenicosum D8,Tropfen zum Einnehmen 50 ml,Lieferbar,,206086,1008643,7611916163104,FM / SL,,2069674
761,Stibium arsenicosum D15,Injektionslösung 8 Amp.,Lieferbar,,124335,4107427,7611916151668,B / SL,404671,8x2070654
762,Stibium arsenicosum D15,Tropfen zum Einnehmen 50 ml,Lieferbar,,206085,1034254,7611916163098,FM / SL,,2069734
763,"Stibium metallicum praeparatum 0,4%",Salbe 23 g,Lieferbar,,124997,1170257,7611916164774,FM / nach ALT,,
764,Stibium metallicum praeparatum D6,Injektionslösung (i.v.) 5 Amp. à 10ml,Lieferbar,,117089,4107597,7611916116544,B / SL,59523,5x2070720
765,Stibium metallicum praeparatum D6,Injektionslösung 8 Amp.,Lieferbar,,117084,4107551,7611916116445,B / SL,59979,8x2070631
766,Stibium metallicum praeparatum D6,Tabletten 50 g,Lieferbar,,124528,5065607,7611916153495,D / SL,415141,2069674
767,Stibium metallicum praeparatum D6,Trituration 50 g,Gestrichen (Lieferbar: D6 Tabletten),,124446,5065613,7611916153105,D,414036,
768,Stibium metallicum praeparatum D6,Tropfen zum Einnehmen 50 ml,Lieferbar,,205850,1035588,7611916163845,FM / SL,,2069674
769,Stibium metallicum praeparatum D20,Injektionslösung 8 Amp.,Lieferbar,,117087,4107539,7611916116506,B / SL,59979,8x2070654
770,Stibium metallicum praeparatum D30,Injektionslösung 8 Amp.,Lieferbar,,117088,4107545,7611916116520,B / SL,59979,8x2070677
773,"Strophanthus kombé, ethanol. Digestio D6",Tropfen zum Einnehmen 50 ml,Lieferbar,,205864,5140119,7611916149573,FM / SL,,2069674
774,Sulfur D6,Tropfen zum Einnehmen 50 ml,Lieferbar,,205867,5140266,7611916149603,FM / SL,,2069674
775,Sulfur D12,Tropfen zum Einnehmen 50 ml,Lieferbar,,124875,5140183,7611916149627,FM / SL,,2069734
776,Sulfur D25,Tropfen zum Einnehmen 50 ml,Lieferbar,,124876,5140220,7611916149641,FM / SL,,2069734
778,Sylvin D6,Tropfen zum Einnehmen 50 ml,Lieferbar,,125440,5140272,7611916149672,FM / SL,,2069674
779,"Symphytum, ethanol. Decoctum 5%",Unguentum 70 g,Gestrichen,,2787,5035598,7611916152054,D,60013,2070157
780,Symphytum comp. N,Tropfen zum Einnehmen 50 ml,Lieferbar,,124163,1122483,7611916161742,D / SL,68982,2070329
781,Tabacum D6,Tropfen zum Einnehmen 50 ml,Lieferbar,,205878,5140970,7611916149719,FM / SL,,2069674
782,Tabacum D10,Tropfen zum Einnehmen 50 ml,Lieferbar,,205879,5140935,7611916149726,FM / SL,,2069734
783,Tabacum D30,Tropfen zum Einnehmen 50 ml,Lieferbar,,124877,5140964,7611916149740,FM / SL,,2069800
784,Tabacum Cupro cultum Rh D3,Injektionslösung (s.c.) 8 Amp.,Nicht lieferbar (Tropfen zum Einnehmen lieferbar.),,124338,4108013,7611916151699,B / SL,59937,8x2070631
785,Tabacum Cupro cultum Rh D3,Tropfen zum Einnehmen 20 ml,Lieferbar,,124468,,76119161163777,B / SL,418548,2069651
786,Taraxacum Ø (= 50%),Tropfen zum Einnehmen 50 ml,Lieferbar,,206005,1006328,7611916162015,FM / SL,,2069591
787,Taraxacum D3,Tropfen zum Einnehmen 50 ml,Lieferbar,,205884,5140993,7611916149771,FM / SL,,2069674
788,Taraxacum Stanno cultum Rh D2,Ampullen 8 st,Gestrichen (Lieferbar: Rh D3 Ampullen),,117080,4108214,7611916116360,B / SL,59520,8x2070631
789,Taraxacum Stanno cultum D2,Tropfen zum Einnehmen 50 ml,Lieferbar,,124957,5068161,7611916154119,D / SL,415330,2069674
790,Taraxacum Stanno cultum Rh D3,Injektionslösung (s.c.) 8 Amp.,Lieferbar,,117081,4108220,7611916116384,B / SL,59520,8x2070631
791,Taraxacum Stanno cultum D3,Tropfen zum Einnehmen 50 ml,Lieferbar,,124958,5141751,7611916154126,D / SL,415330,2069674
792,Taraxacum Stanno cultum Rh D3,Tropfen zum Einnehmen 20 ml,Lieferbar,,124469,1151891,7611916163784,D / SL,418545,2069651
793,Tartarus stibiatus D3,Pulver zum Einnehmen 50 g,Lieferbar,,205889,5141768,7611916149825,FM / nach ALT,,
794,Tartarus stibiatus D4,Injektionslösung 8 st,Gestrichen (Lieferbar: Tropfen D4),,124340,4099751,7611916151712,B / SL,59762,8x2070631
795,Tartarus stibiatus D4,Tropfen zum Einnehmen 50 ml,Lieferbar,,124848,5141774,7611916149801,FM / nach ALT,,2069674
796,Tartarus stibiatus D6,Tropfen zum Einnehmen 50 ml,Lieferbar,,205888,5141780,7611916149818,FM / SL,,2069674
797,Tartarus stibiatus D6,Pulver zum Einnehmen 50 g,Lieferbar,,124448,5068190,7611916153129,D / -,414040,
798,Tartarus stibiatus comp.,Pulver zum Einnehmen 50 g,Lieferbar,,124447,5068178,7611916153112,D / -,414032,
799,Teucrium scorodonia D3,Tropfen zum Einnehmen 50 ml,Lieferbar,,205891,5141805,7611916149849,FM / SL,,2069674
800,Thuja occidentalis 20%,Flüssigkeit zur Anwendung auf der Haut 100 ml,Lieferbar,,124513,4105109,7611916153341,D / SL,59940,2070128
801,Thuja occidentalis 10%,Crème 25 g,Lieferbar,,124984,7846796,7611916161124,FM / nach ALT,,
802,Thuja occidentalis D6,Tropfen zum Einnehmen 20 ml,Lieferbar,,124170,1048184,7611916163333,D / SL,59603,2069651
803,Thuja occidentalis D6,Globuli 4 g,Gestrichen (Lieferbar: Tropfen D6),,118100,1607342,7611916117275,D,412046,2069645
804,Thuja occidentalis D12,Tropfen zum Einnehmen 50 ml,Lieferbar,,206087,1034255,7611916163111,FM / SL,,2069734
805,Thuja occidentalis D30,Globuli 4 g,Gestrichen (Lieferbar: D12 Tropfen),,118115,1607365,7611916117312,D / SL,412046,2069763
806,Thuja occidentalis Argento culta Rh D3,Injektionslösung (s.c.) 8 Amp.,Lieferbar,,124341,4099797,7611916151729,B / SL,59761,8x2070631
807,"Thuja occidentalis Argento culta 0,1%",Dilution 50 ml,Gestrichen (Thuja occidentalis Argento culta Rh D3 ist als Dilutio aquosa verfügbar (vergleichbare Konzentration).),,124145,5068221,7611916140457,,,2069674
808,Thuja occidentalis Argento culta Rh D3,Tropfen zum Einnehmen 20 ml,Lieferbar,,100162,4100388,7611916102752,D / SL,59737,2069651
809,Thuja comp.,Pulver zum Einnehmen 50 g,Lieferbar,,124153,6791669,7611916154300,B / -,59630,
810,"Tormentilla, ethanol. Decoctum D1",Tropfen zum Einnehmen 50 ml,Lieferbar,,205897,5145016,7611916149900,FM / SL,,2069591
811,"Tormentilla, ethanol. Decoctum D3",Tropfen zum Einnehmen 50 ml,Lieferbar,,205899,5145045,7611916149924,FM / SL,,2069674
812,Trabeculum comp. D6,Injektionslösung 8 Amp.,Lieferbar,,118030,4105285,7611916117251,B / SL,404645,8x2070565
813,Urtica dioica Ferro culta D2,Tropfen zum Einnehmen 50 ml,Lieferbar,,124164,1034958,7611916163173,D / SL,418225,2069674
814,Urtica dioica Ferro culta Rh D3,Tropfen zum Einnehmen 20 ml,Lieferbar,,124675,7826533,7611916160264,D / SL,417624,2069651
815,Vaginalsalben Applikator,,Lieferbar,,9951,5158013,7611916131264,,,
816,Vaucheria D3,Tropfen zum Einnehmen 50 ml,Lieferbar,,206094,5068267,7611916163692,FM / SL,,2069674
817,"Veratrum album, ethanol. Decoctum D3",Tropfen zum Einnehmen 50 ml,Lieferbar,,124922,7842048,7611916162022,FM / SL,,2069674
818,"Veratrum album, ethanol. Decoctum D6",Tropfen zum Einnehmen 50 ml,Lieferbar,,206012,7842049,7611916162039,FM / SL,,2069674
819,"Veratrum album, ethanol. Decoctum D6",Globuli 4 g,Gestrichen (Lieferbar: Tropfen D6),,120105,1607388,7611916117855,D,412020,2069645
820,Verbascum comp.,Tropfen zum Einnehmen 50 ml,Lieferbar,,109042,4105368,7611916130076,D / SL,404640,2070275
821,"Veronica officinalis, ethanol. Decoctum D1",Tropfen zum Einnehmen 50 ml,Lieferbar,,206035,1034256,7611916162527,FM / SL,,2069591
822,Vespa crabro 1%,Crème 25 g,Lieferbar,,100655,7846795,7611916161766,FM / nach ALT,,
823,Vespa crabro D3,Injektionslösung 8 Amp.,Gestrichen (Lieferbar: D6),,120009,5313293,7611916117510,B / SL,59981,8x2070631
824,Vespa crabro D6,Injektionslösung 8 Amp.,Lieferbar,,120011,4105457,7611916117558,B / SL,59981,8x2070631
825,Vipera berus D12,Injektionslösung 8 Amp.,Lieferbar,,124345,4105486,7611916151767,B / SL,404633,8x2070654
826,Viscum Mali 10%,Crème 25 g,Lieferbar,,124985,7807127,7611916161131,FM / nach ALT,,
827,Viscum Mali Ø (= 50%),Tropfen zum Einnehmen 50 ml,Lieferbar,,124772,7801929,7611916161148,FM / SL,,2069591
828,Viscum Mali D6,Injektionslösung 8 Amp.,Gestrichen,,124297,7741110,7611916151286,B,405040,8x2070631
829,Viscum Pini 5%,Unguentum 25 g,Gestrichen (Lieferbar: Viscum Mali 10% Salbe),,100626,5035641,7611916137693,,,2070140
830,Visiodoron Malva®,Augentropfen 10 ml,Lieferbar,,2760,7815608,4001638165532,MD / -,,
831,Visiodoron Malva® Monodosen,Augentropfen 20×0.4 ml,Lieferbar,,2766,5860138,4001638065269,MD / -,,
832,Vitis comp.,Kautabletten 50 g,Lieferbar,,124505,5142443,7611916153266,D / SL,59920,2070275
833,Vivianit D6,Pulver zum Einnehmen 50 g,Lieferbar,,124738,1033473,7611916162817,FM / nach ALT,,
834,Wecesin®,Puder 50 g,Lieferbar,,4805,7233575,7680246080023,D / -,24608,
835,Zincum valerianicum D3,Tropfen zum Einnehmen 50 ml,Lieferbar,,124986,7798070,7611916164231,B / SL,418825,2069674
836,Zincum valerianicum D4,Tropfen zum Einnehmen 50 ml,Gestrichen (Lieferbar: D3),,124666,7798071,7611916159947,D,417383,2069674
837,Zincum valerianicum D6,Tropfen zum Einnehmen 50 ml,Gestrichen (Lieferbar: D3),,124667,7798072,7611916159954,D,417383,2069674
838,"Zinn-Textil-Folie, ORBIS",,Lieferbar,,77740,7767327,7611916357800,,,
839,Zinnober D6,Pulver zum Einnehmen 50 g,Lieferbar,,206014,1027357,7611916162053,FM / nach ALT,,
840,Zinnober D20,Pulver zum Einnehmen 50 g,Lieferbar,,124739,7846794,7611916162046,FM / nach ALT,,
841,Zinnober comp.,Pulver zum Einnehmen 50 g,Lieferbar,,124949,5068310,7611916154034,D / -,59914,
842,Naturweisheit Meine Nacht,Kapseln 46 st,Lieferbar,,6288CH,7810647,7611916460807,,,
843,Naturweisheit Meine Immunformel,Kapseln 46 st,Gestrichen,,6602CH,7810649,7611916460791,,,
844,Naturweisheit Meine Vitalquelle,Kapseln 46 st,Gestrichen,,6601CH,7810648,7611916460821,,,
845,"Naturweisheit Meine Haare, Wimpern & Nägel",Kapseln 46 st,Lieferbar,,6289CH,7810650,7611916460814,,,
847,Euphrasia Augentropfen Monodosen,,,Visiodoron Euphrasia® Monodosen,,,,,,
848,Formica D30 Ampullen,,,Acidum Formicae D30,,,,,,
849,"Arnica, Planta tota D20 / Betula, Cortex D3 aa",Injektionslösung 8 Amp.,Lieferbar,,124455,7851210,7611916161667,B / SL,68351,8 x 2070588
850,Menodoron®,,,Capsella / Majorana comp.,,,,,,
851,Rheumadoron®,,,Aconitum / Arnica / Betula comp.,,,,,,
856,Euphrasia® Augentropfen,,,Visiodoron Euphrasia®,,,,,,
857,Compositio Mineralis cum Myrrha D1,Pulver zum Einnehmen 50 g,Nicht lieferbar (Compositio Mineralis cum Myrrha D2 und D3 lieferbar.),,124713,1045185,7611916163883,FM / nach ALT,,
858,Compositio Mineralis cum Myrrha D2,Pulver zum Einnehmen 50 g,Lieferbar,,124714,1045186,7611916163906,FM / nach ALT,,
859,Compositio Mineralis cum Myrrha D3,Pulver zum Einnehmen 50 g,Lieferbar,,206099,1045187,7611916163913,FM / nach ALT,,
860,Sinudoron®,,,Argentum / Berberis comp.,,,,,,
861,Naturweisheit Meine Bakterienkulturen,Kapseln 40 st,Lieferbar,,6290CH,1030859,7611916162251,,,
862,Naturweisheit Mein Bauchgefühl,Kapseln 46 st,Gestrichen,,6292CH,1030858,7611916162268,,,
863,Bolus Gurgelpulver,,,Eucalyptus comp.,,,,,,
865,Dermatodoron Tropfen,,,Dulcamara / Lysimachia Tropfen,,,,,,
866,Pulvis stomachicus cum Belladonna,,,Antimonit / Belladonna comp.,,,,,,
867,Scleron,,,Plumbum mellitum D12,,,,,,
868,Apis D6 / Belladonna D6 aa,Tropfen zum Einnehmen 50 ml,Lieferbar,,206104,1104933,7611916164330,FM / SL,,2070329
869,Dermatodoron Salbe,,,Dulcamara / Lysimachia Crème,,,,,,
870,Visiodoron Euphrasia comp.®,Augensalbe 5 g,Lieferbar,,5590,1049032,7680688250015,D / -,68825,
872,Thyreodoron,,,Chelidonium / Colchicum / Spongia,,,,,,
873,Otidoron,,,Levisticum H 10%,,,,,,
874,"Rheum rhaponticum 0,4% (2g)",Vaginalzäpfchen 10 st,Lieferbar,,124992,1119054,7611916164545,FM / nach ALT,,
875,Ferrum pomatum D10,Tropfen zum Einnehmen 50 ml,Lieferbar,,206106,1133084,7611916164941,FM / SL,,2069734
876,Visiodoron Malva® Intense,Augentropfen 10 ml,Lieferbar,,2770,1125171,4001638590303,MD / -,,
877,Ferrum sesquichloratum D8,Tropfen zum Einnehmen 50 ml,Lieferbar,,205415,1133775,7611916165207,FM / SL,,2069674
878,Cuprum Metallspiegelfolie,,,"Kupfer-Textil-Folie, ORBIS",,,,,,
879,"Amara-Tropfen, Weleda",Tropfen zum Einnehmen 20 ml,Lieferbar,,5010,1133131,7680117870012,D / -,11787,
880,"Levisticum, Folium D2",Pulver zum Einnehmen 50 g,Lieferbar,,124891,1153055,7611916165641,FM / nach ALT,,
881,"Levisticum, Folium D3",,Lieferbar,,124892,1153056,7611916165658,FM / nach ALT,,
882,Cerussit D8,Pulver zum Einnehmen 50 g,Lieferbar,,124746,1153057,7611916165719,FM / nach ALT,,
883,Aloe-Myrrhe 5%,Gel 25 g,Nicht lieferbar,,124890,1153053,7 611916 165733,FM / nach ALT,,
884,Cinis Capsellae comp.,Gel 30 ml,Lieferbar,,124176,1189836,7611916165726,FM / nach ALT,,
